{
        "job": {
                "content": [{
                        "writer": {
                                "parameter": {
                                        "dbPath": "dfs://TSDB_tick",
                                        "userId": "admin",
                                        "tableName": "tick",
                                        "host": "127.0.0.1",
                                        "pwd": "123456",
                                        "table": [
                                            {
                                                 "type": "DT_SYMBOL",
                                                 "name": "SecurityID"
                                            },
                                            {
                                                "type": "DT_TIMESTAMP",
                                                "name": "TradeTime"
                                            },
                                            {
                                                "type": "DT_DOUBLE",
                                                "name": "TradePrice"
                                            },
                                            {
                                                "type": "DT_INT",
                                                "name": "TradeQty"
                                            },
                                            {
                                                "type": "DT_DOUBLE",
                                                "name": "TradeAmount"
                                            },
                                            {
                                                "type": "DT_INT",
                                                "name": "BuyNo"
                                            },
                                            {
                                                "type": "DT_INT",
                                                "name": "SellNo"
                                            },
                                            {
                                                "type": "DT_INT",
                                                "name": "TradeIndex"
                                            },
                                            {
                                                "type": "DT_INT",
                                                "name": "ChannelNo"
                                            },
                                            {
                                                "type": "DT_SYMBOL",
                                                "name": "TradeBSFlag"
                                            },
                                            {
                                                "type": "DT_INT",
                                                "name": "BizIndex"
                                            }
                                        ],
                                        "port": 10001
                                },
                                "name": "dolphindbwriter"
                        },
                        "reader": {
                                "parameter": {
                                        "username": "default",
                                        "column": ["SecurityID", "toString(TradeTime)", "TradePrice", "TradeQty", "TradeAmount", "BuyNo", "SellNo", "ChannelNo", "TradeIndex", "TradeBSFlag", "BizIndex"],
                                        "connection": [{
                                                "table": ["ticksh"],
                                                "jdbcUrl": ["jdbc:clickhouse://127.0.0.1:8123/migrate"]
                                        }],
                                        "password": "123456",
                                        "where": ""
                                },
                                "name": "clickhousereader",
                                "splitPk":"TradeTime"
                        }
                }],
                "setting": {
                        "speed": {
                                "channel": 1
                        }
                }
        }
}
