[{"processDefinition":{"id":16,"code":10899789146272,"name":"历史批量任务","version":38,"releaseState":"OFFLINE","projectCode":10875334182304,"description":"","globalParams":"[{\"prop\":\"startDate\",\"value\":\"2023.02.01\",\"direct\":\"IN\",\"type\":\"VARCHAR\"},{\"prop\":\"endDate\",\"value\":\"2023.02.01\",\"direct\":\"IN\",\"type\":\"VARCHAR\"}]","globalParamList":[{"prop":"startDate","direct":"IN","type":"VARCHAR","value":"2023.02.01"},{"prop":"endDate","direct":"IN","type":"VARCHAR","value":"2023.02.01"}],"globalParamMap":{"endDate":"2023.02.01","startDate":"2023.02.01"},"createTime":"2023-09-13 06:03:23","updateTime":"2023-11-10 08:11:36","flag":"YES","userId":1,"userName":null,"projectName":null,"locations":"[{\"taskCode\":10899693847072,\"x\":370,\"y\":114},{\"taskCode\":10899734375072,\"x\":630,\"y\":114},{\"taskCode\":10899740038560,\"x\":370,\"y\":248},{\"taskCode\":10899749806496,\"x\":370,\"y\":367},{\"taskCode\":10899754917024,\"x\":370,\"y\":482},{\"taskCode\":11498070990240,\"x\":110,\"y\":114}]","scheduleReleaseState":null,"timeout":0,"tenantId":1,"tenantCode":null,"modifyBy":null,"warningGroupId":0,"executionType":"PARALLEL"},"processTaskRelationList":[{"id":930,"name":"","processDefinitionVersion":38,"projectCode":10875334182304,"processDefinitionCode":10899789146272,"preTaskCode":0,"preTaskVersion":0,"postTaskCode":10899693847072,"postTaskVersion":6,"conditionType":"NONE","conditionParams":{},"createTime":"2023-11-10 08:11:36","updateTime":"2023-11-10 08:11:36","operator":1,"operateTime":"2023-11-10 08:11:36"},{"id":931,"name":"","processDefinitionVersion":38,"projectCode":10875334182304,"processDefinitionCode":10899789146272,"preTaskCode":0,"preTaskVersion":0,"postTaskCode":10899734375072,"postTaskVersion":7,"conditionType":"NONE","conditionParams":{},"createTime":"2023-11-10 08:11:36","updateTime":"2023-11-10 08:11:36","operator":1,"operateTime":"2023-11-10 08:11:36"},{"id":932,"name":"","processDefinitionVersion":38,"projectCode":10875334182304,"processDefinitionCode":10899789146272,"preTaskCode":0,"preTaskVersion":0,"postTaskCode":11498070990240,"postTaskVersion":16,"conditionType":"NONE","conditionParams":{},"createTime":"2023-11-10 08:11:36","updateTime":"2023-11-10 08:11:36","operator":1,"operateTime":"2023-11-10 08:11:36"},{"id":933,"name":"","processDefinitionVersion":38,"projectCode":10875334182304,"processDefinitionCode":10899789146272,"preTaskCode":10899749806496,"preTaskVersion":4,"postTaskCode":10899754917024,"postTaskVersion":4,"conditionType":"NONE","conditionParams":{},"createTime":"2023-11-10 08:11:36","updateTime":"2023-11-10 08:11:36","operator":1,"operateTime":"2023-11-10 08:11:36"},{"id":934,"name":"","processDefinitionVersion":38,"projectCode":10875334182304,"processDefinitionCode":10899789146272,"preTaskCode":10899740038560,"preTaskVersion":5,"postTaskCode":10899749806496,"postTaskVersion":4,"conditionType":"NONE","conditionParams":{},"createTime":"2023-11-10 08:11:36","updateTime":"2023-11-10 08:11:36","operator":1,"operateTime":"2023-11-10 08:11:36"},{"id":935,"name":"","processDefinitionVersion":38,"projectCode":10875334182304,"processDefinitionCode":10899789146272,"preTaskCode":10899693847072,"preTaskVersion":6,"postTaskCode":10899740038560,"postTaskVersion":5,"conditionType":"NONE","conditionParams":{},"createTime":"2023-11-10 08:11:36","updateTime":"2023-11-10 08:11:36","operator":1,"operateTime":"2023-11-10 08:11:36"},{"id":936,"name":"","processDefinitionVersion":38,"projectCode":10875334182304,"processDefinitionCode":10899789146272,"preTaskCode":10899734375072,"preTaskVersion":7,"postTaskCode":10899740038560,"postTaskVersion":5,"conditionType":"NONE","conditionParams":{},"createTime":"2023-11-10 08:11:36","updateTime":"2023-11-10 08:11:36","operator":1,"operateTime":"2023-11-10 08:11:36"},{"id":937,"name":"","processDefinitionVersion":38,"projectCode":10875334182304,"processDefinitionCode":10899789146272,"preTaskCode":11498070990240,"preTaskVersion":16,"postTaskCode":10899740038560,"postTaskVersion":5,"conditionType":"NONE","conditionParams":{},"createTime":"2023-11-10 08:11:36","updateTime":"2023-11-10 08:11:36","operator":1,"operateTime":"2023-11-10 08:11:36"}],"taskDefinitionList":[{"id":208,"code":10899693847072,"name":"股票快照数据导入","version":6,"description":"","projectCode":10875334182304,"userId":1,"taskType":"SQL","taskParams":{"localParams":[],"resourceList":[],"type":"DOLPHINDB","datasource":2,"sql":"\"\\n[DOLPHINDB INFO] \" + concat(exec * from t2,\"\\n[DOLPHINDB INFO] \");","sqlType":"0","preStatements":["t2=loadSnapshotFV(startDate=${startDate},endDate=${endDate},loadType=\"batch\");\n"],"postStatements":[],"segmentSeparator":";","displayRows":10},"taskParamList":[],"taskParamMap":null,"flag":"YES","taskPriority":"MEDIUM","userName":null,"projectName":null,"workerGroup":"default","environmentCode":-1,"failRetryTimes":0,"failRetryInterval":1,"timeoutFlag":"CLOSE","timeoutNotifyStrategy":null,"timeout":0,"delayTime":0,"resourceIds":"","createTime":"2023-09-13 06:03:23","updateTime":"2023-11-10 06:19:54","modifyBy":null,"taskGroupId":0,"taskGroupPriority":0,"cpuQuota":-1,"memoryMax":-1,"taskExecuteType":"BATCH","operator":1,"operateTime":"2023-11-10 06:19:54"},{"id":222,"code":10899734375072,"name":"股票成交数据导入","version":7,"description":"","projectCode":10875334182304,"userId":1,"taskType":"SQL","taskParams":{"localParams":[],"resourceList":[],"type":"DOLPHINDB","datasource":2,"sql":"\"\\n[DOLPHINDB INFO] \" + concat(exec * from t3,\"\\n[DOLPHINDB INFO] \");","sqlType":"0","preStatements":["t3=loadTradeFV(startDate=${startDate},endDate=${endDate},loadType=\"batch\");"],"postStatements":[],"segmentSeparator":";","displayRows":10},"taskParamList":[],"taskParamMap":null,"flag":"YES","taskPriority":"MEDIUM","userName":null,"projectName":null,"workerGroup":"default","environmentCode":-1,"failRetryTimes":0,"failRetryInterval":1,"timeoutFlag":"CLOSE","timeoutNotifyStrategy":null,"timeout":0,"delayTime":0,"resourceIds":"","createTime":"2023-09-13 06:03:23","updateTime":"2023-11-10 08:11:36","modifyBy":null,"taskGroupId":0,"taskGroupPriority":0,"cpuQuota":-1,"memoryMax":-1,"taskExecuteType":"BATCH","operator":1,"operateTime":"2023-11-10 08:11:36"},{"id":210,"code":10899740038560,"name":"股票数据校验","version":5,"description":"","projectCode":10875334182304,"userId":1,"taskType":"SQL","taskParams":{"localParams":[],"resourceList":[],"type":"DOLPHINDB","datasource":2,"sql":"\"\\n[DOLPHINDB INFO] \" + concat(exec * from t4,\"\\n[DOLPHINDB INFO] \");","sqlType":"0","preStatements":["t4=stockCheckFV(startDate=${startDate},endDate=${endDate},loadType=\"batch\");"],"postStatements":[],"segmentSeparator":";","displayRows":10},"taskParamList":[],"taskParamMap":null,"flag":"YES","taskPriority":"MEDIUM","userName":null,"projectName":null,"workerGroup":"default","environmentCode":-1,"failRetryTimes":0,"failRetryInterval":1,"timeoutFlag":"CLOSE","timeoutNotifyStrategy":null,"timeout":0,"delayTime":0,"resourceIds":"","createTime":"2023-09-13 06:03:23","updateTime":"2023-11-10 06:19:54","modifyBy":null,"taskGroupId":0,"taskGroupPriority":0,"cpuQuota":-1,"memoryMax":-1,"taskExecuteType":"BATCH","operator":1,"operateTime":"2023-11-10 06:19:54"},{"id":211,"code":10899749806496,"name":"K分钟线指标计算","version":4,"description":"","projectCode":10875334182304,"userId":1,"taskType":"SQL","taskParams":{"localParams":[],"resourceList":[],"type":"DOLPHINDB","datasource":2,"sql":"\"\\n[DOLPHINDB INFO] \" + concat(exec * from t5,\"\\n[DOLPHINDB INFO] \");","sqlType":"0","preStatements":["t5=calcMinFactorFV(startDate=${startDate},endDate=${endDate},loadType=\"batch\");\n"],"postStatements":[],"segmentSeparator":";","displayRows":10},"taskParamList":[],"taskParamMap":null,"flag":"YES","taskPriority":"MEDIUM","userName":null,"projectName":null,"workerGroup":"default","environmentCode":-1,"failRetryTimes":0,"failRetryInterval":1,"timeoutFlag":"CLOSE","timeoutNotifyStrategy":null,"timeout":0,"delayTime":0,"resourceIds":"","createTime":"2023-09-13 06:03:23","updateTime":"2023-11-10 06:19:54","modifyBy":null,"taskGroupId":0,"taskGroupPriority":0,"cpuQuota":-1,"memoryMax":-1,"taskExecuteType":"BATCH","operator":1,"operateTime":"2023-11-10 06:19:54"},{"id":212,"code":10899754917024,"name":"K分钟线指标检验","version":4,"description":"","projectCode":10875334182304,"userId":1,"taskType":"SQL","taskParams":{"localParams":[],"resourceList":[],"type":"DOLPHINDB","datasource":2,"sql":"\"\\n[DOLPHINDB INFO] \" + concat(exec * from t6,\"\\n[DOLPHINDB INFO] \");","sqlType":"0","preStatements":["t6=minFactorCheckFV(startDate=${startDate},endDate=${endDate},loadType=\"batch\");\n"],"postStatements":[],"segmentSeparator":";","displayRows":10},"taskParamList":[],"taskParamMap":null,"flag":"YES","taskPriority":"MEDIUM","userName":null,"projectName":null,"workerGroup":"default","environmentCode":-1,"failRetryTimes":0,"failRetryInterval":1,"timeoutFlag":"CLOSE","timeoutNotifyStrategy":null,"timeout":0,"delayTime":0,"resourceIds":"","createTime":"2023-09-13 06:03:23","updateTime":"2023-11-10 06:19:54","modifyBy":null,"taskGroupId":0,"taskGroupPriority":0,"cpuQuota":-1,"memoryMax":-1,"taskExecuteType":"BATCH","operator":1,"operateTime":"2023-11-10 06:19:54"},{"id":221,"code":11498070990240,"name":"股票委托数据导入","version":16,"description":"","projectCode":10875334182304,"userId":1,"taskType":"SQL","taskParams":{"localParams":[],"resourceList":[],"type":"DOLPHINDB","datasource":2,"sql":"\"\\n[DOLPHINDB INFO] \" + concat(exec * from loadEntrustFV(startDate=${startDate},endDate=${endDate},loadType=\"batch\"),\"\\n[DOLPHINDB INFO] \");","sqlType":"0","preStatements":[],"postStatements":[],"segmentSeparator":";","displayRows":10},"taskParamList":[],"taskParamMap":null,"flag":"YES","taskPriority":"MEDIUM","userName":null,"projectName":null,"workerGroup":"default","environmentCode":-1,"failRetryTimes":0,"failRetryInterval":1,"timeoutFlag":"CLOSE","timeoutNotifyStrategy":null,"timeout":0,"delayTime":0,"resourceIds":"","createTime":"2023-11-06 08:31:54","updateTime":"2023-11-10 08:07:36","modifyBy":null,"taskGroupId":0,"taskGroupPriority":0,"cpuQuota":-1,"memoryMax":-1,"taskExecuteType":"BATCH","operator":1,"operateTime":"2023-11-10 08:07:36"}],"schedule":null}]