[{"processDefinition":{"id":79,"code":11542210955942,"name":"每日定时任务","version":2,"releaseState":"ONLINE","projectCode":10875334182304,"description":"","globalParams":"[{\"prop\":\"startDate\",\"value\":\"2023.02.01\",\"direct\":\"IN\",\"type\":\"VARCHAR\"},{\"prop\":\"endDate\",\"value\":\"2023.02.01\",\"direct\":\"IN\",\"type\":\"VARCHAR\"}]","globalParamList":[{"prop":"startDate","direct":"IN","type":"VARCHAR","value":"2023.02.01"},{"prop":"endDate","direct":"IN","type":"VARCHAR","value":"2023.02.01"}],"globalParamMap":{"endDate":"2023.02.01","startDate":"2023.02.01"},"createTime":"2023-11-10 08:12:03","updateTime":"2023-11-10 08:13:52","flag":"YES","userId":1,"userName":null,"projectName":null,"locations":"[{\"taskCode\":11542210955936,\"x\":370,\"y\":114},{\"taskCode\":11542210955937,\"x\":630,\"y\":114},{\"taskCode\":11542210955938,\"x\":370,\"y\":248},{\"taskCode\":11542210955939,\"x\":370,\"y\":367},{\"taskCode\":11542210955940,\"x\":370,\"y\":482},{\"taskCode\":11542210955941,\"x\":110,\"y\":114}]","scheduleReleaseState":null,"timeout":0,"tenantId":1,"tenantCode":null,"modifyBy":null,"warningGroupId":0,"executionType":"PARALLEL"},"processTaskRelationList":[{"id":946,"name":"","processDefinitionVersion":2,"projectCode":10875334182304,"processDefinitionCode":11542210955942,"preTaskCode":0,"preTaskVersion":0,"postTaskCode":11542210955936,"postTaskVersion":2,"conditionType":"NONE","conditionParams":{},"createTime":"2023-11-10 08:13:52","updateTime":"2023-11-10 08:13:52","operator":1,"operateTime":"2023-11-10 08:13:52"},{"id":947,"name":"","processDefinitionVersion":2,"projectCode":10875334182304,"processDefinitionCode":11542210955942,"preTaskCode":0,"preTaskVersion":0,"postTaskCode":11542210955937,"postTaskVersion":2,"conditionType":"NONE","conditionParams":{},"createTime":"2023-11-10 08:13:52","updateTime":"2023-11-10 08:13:52","operator":1,"operateTime":"2023-11-10 08:13:52"},{"id":948,"name":"","processDefinitionVersion":2,"projectCode":10875334182304,"processDefinitionCode":11542210955942,"preTaskCode":0,"preTaskVersion":0,"postTaskCode":11542210955941,"postTaskVersion":2,"conditionType":"NONE","conditionParams":{},"createTime":"2023-11-10 08:13:52","updateTime":"2023-11-10 08:13:52","operator":1,"operateTime":"2023-11-10 08:13:52"},{"id":949,"name":"","processDefinitionVersion":2,"projectCode":10875334182304,"processDefinitionCode":11542210955942,"preTaskCode":11542210955936,"preTaskVersion":2,"postTaskCode":11542210955938,"postTaskVersion":2,"conditionType":"NONE","conditionParams":{},"createTime":"2023-11-10 08:13:52","updateTime":"2023-11-10 08:13:52","operator":1,"operateTime":"2023-11-10 08:13:52"},{"id":950,"name":"","processDefinitionVersion":2,"projectCode":10875334182304,"processDefinitionCode":11542210955942,"preTaskCode":11542210955937,"preTaskVersion":2,"postTaskCode":11542210955938,"postTaskVersion":2,"conditionType":"NONE","conditionParams":{},"createTime":"2023-11-10 08:13:52","updateTime":"2023-11-10 08:13:52","operator":1,"operateTime":"2023-11-10 08:13:52"},{"id":951,"name":"","processDefinitionVersion":2,"projectCode":10875334182304,"processDefinitionCode":11542210955942,"preTaskCode":11542210955941,"preTaskVersion":2,"postTaskCode":11542210955938,"postTaskVersion":2,"conditionType":"NONE","conditionParams":{},"createTime":"2023-11-10 08:13:52","updateTime":"2023-11-10 08:13:52","operator":1,"operateTime":"2023-11-10 08:13:52"},{"id":952,"name":"","processDefinitionVersion":2,"projectCode":10875334182304,"processDefinitionCode":11542210955942,"preTaskCode":11542210955938,"preTaskVersion":2,"postTaskCode":11542210955939,"postTaskVersion":2,"conditionType":"NONE","conditionParams":{},"createTime":"2023-11-10 08:13:52","updateTime":"2023-11-10 08:13:52","operator":1,"operateTime":"2023-11-10 08:13:52"},{"id":953,"name":"","processDefinitionVersion":2,"projectCode":10875334182304,"processDefinitionCode":11542210955942,"preTaskCode":11542210955939,"preTaskVersion":2,"postTaskCode":11542210955940,"postTaskVersion":2,"conditionType":"NONE","conditionParams":{},"createTime":"2023-11-10 08:13:52","updateTime":"2023-11-10 08:13:52","operator":1,"operateTime":"2023-11-10 08:13:52"}],"taskDefinitionList":[{"id":229,"code":11542210955936,"name":"股票快照数据导入","version":2,"description":"","projectCode":10875334182304,"userId":1,"taskType":"SQL","taskParams":{"localParams":[],"resourceList":[],"type":"DOLPHINDB","datasource":2,"sql":"\"\\n[DOLPHINDB INFO] \" + concat(exec * from t2,\"\\n[DOLPHINDB INFO] \");","sqlType":"0","preStatements":["t2=loadSnapshotFV();\n"],"postStatements":[],"segmentSeparator":";","displayRows":10},"taskParamList":[],"taskParamMap":null,"flag":"YES","taskPriority":"MEDIUM","userName":null,"projectName":null,"workerGroup":"default","environmentCode":-1,"failRetryTimes":0,"failRetryInterval":1,"timeoutFlag":"CLOSE","timeoutNotifyStrategy":null,"timeout":0,"delayTime":0,"resourceIds":"","createTime":"2023-11-10 08:12:03","updateTime":"2023-11-10 08:13:52","modifyBy":null,"taskGroupId":0,"taskGroupPriority":0,"cpuQuota":-1,"memoryMax":-1,"taskExecuteType":"BATCH","operator":1,"operateTime":"2023-11-10 08:13:52"},{"id":230,"code":11542210955937,"name":"股票成交数据导入","version":2,"description":"","projectCode":10875334182304,"userId":1,"taskType":"SQL","taskParams":{"localParams":[],"resourceList":[],"type":"DOLPHINDB","datasource":2,"sql":"\"\\n[DOLPHINDB INFO] \" + concat(exec * from t3,\"\\n[DOLPHINDB INFO] \");","sqlType":"0","preStatements":["t3=loadTradeFV();"],"postStatements":[],"segmentSeparator":";","displayRows":10},"taskParamList":[],"taskParamMap":null,"flag":"YES","taskPriority":"MEDIUM","userName":null,"projectName":null,"workerGroup":"default","environmentCode":-1,"failRetryTimes":0,"failRetryInterval":1,"timeoutFlag":"CLOSE","timeoutNotifyStrategy":null,"timeout":0,"delayTime":0,"resourceIds":"","createTime":"2023-11-10 08:12:03","updateTime":"2023-11-10 08:13:52","modifyBy":null,"taskGroupId":0,"taskGroupPriority":0,"cpuQuota":-1,"memoryMax":-1,"taskExecuteType":"BATCH","operator":1,"operateTime":"2023-11-10 08:13:52"},{"id":231,"code":11542210955938,"name":"股票数据校验","version":2,"description":"","projectCode":10875334182304,"userId":1,"taskType":"SQL","taskParams":{"localParams":[],"resourceList":[],"type":"DOLPHINDB","datasource":2,"sql":"\"\\n[DOLPHINDB INFO] \" + concat(exec * from t4,\"\\n[DOLPHINDB INFO] \");","sqlType":"0","preStatements":["t4=stockCheckFV();"],"postStatements":[],"segmentSeparator":";","displayRows":10},"taskParamList":[],"taskParamMap":null,"flag":"YES","taskPriority":"MEDIUM","userName":null,"projectName":null,"workerGroup":"default","environmentCode":-1,"failRetryTimes":0,"failRetryInterval":1,"timeoutFlag":"CLOSE","timeoutNotifyStrategy":null,"timeout":0,"delayTime":0,"resourceIds":"","createTime":"2023-11-10 08:12:03","updateTime":"2023-11-10 08:13:52","modifyBy":null,"taskGroupId":0,"taskGroupPriority":0,"cpuQuota":-1,"memoryMax":-1,"taskExecuteType":"BATCH","operator":1,"operateTime":"2023-11-10 08:13:52"},{"id":232,"code":11542210955939,"name":"K分钟线指标计算","version":2,"description":"","projectCode":10875334182304,"userId":1,"taskType":"SQL","taskParams":{"localParams":[],"resourceList":[],"type":"DOLPHINDB","datasource":2,"sql":"\"\\n[DOLPHINDB INFO] \" + concat(exec * from t5,\"\\n[DOLPHINDB INFO] \");","sqlType":"0","preStatements":["t5=calcMinFactorFV();\n"],"postStatements":[],"segmentSeparator":";","displayRows":10},"taskParamList":[],"taskParamMap":null,"flag":"YES","taskPriority":"MEDIUM","userName":null,"projectName":null,"workerGroup":"default","environmentCode":-1,"failRetryTimes":0,"failRetryInterval":1,"timeoutFlag":"CLOSE","timeoutNotifyStrategy":null,"timeout":0,"delayTime":0,"resourceIds":"","createTime":"2023-11-10 08:12:03","updateTime":"2023-11-10 08:13:52","modifyBy":null,"taskGroupId":0,"taskGroupPriority":0,"cpuQuota":-1,"memoryMax":-1,"taskExecuteType":"BATCH","operator":1,"operateTime":"2023-11-10 08:13:52"},{"id":233,"code":11542210955940,"name":"K分钟线指标检验","version":2,"description":"","projectCode":10875334182304,"userId":1,"taskType":"SQL","taskParams":{"localParams":[],"resourceList":[],"type":"DOLPHINDB","datasource":2,"sql":"\"\\n[DOLPHINDB INFO] \" + concat(exec * from t6,\"\\n[DOLPHINDB INFO] \");","sqlType":"0","preStatements":["t6=minFactorCheckFV();\n"],"postStatements":[],"segmentSeparator":";","displayRows":10},"taskParamList":[],"taskParamMap":null,"flag":"YES","taskPriority":"MEDIUM","userName":null,"projectName":null,"workerGroup":"default","environmentCode":-1,"failRetryTimes":0,"failRetryInterval":1,"timeoutFlag":"CLOSE","timeoutNotifyStrategy":null,"timeout":0,"delayTime":0,"resourceIds":"","createTime":"2023-11-10 08:12:03","updateTime":"2023-11-10 08:13:52","modifyBy":null,"taskGroupId":0,"taskGroupPriority":0,"cpuQuota":-1,"memoryMax":-1,"taskExecuteType":"BATCH","operator":1,"operateTime":"2023-11-10 08:13:52"},{"id":234,"code":11542210955941,"name":"股票委托数据导入","version":2,"description":"","projectCode":10875334182304,"userId":1,"taskType":"SQL","taskParams":{"localParams":[],"resourceList":[],"type":"DOLPHINDB","datasource":2,"sql":"\"\\n[DOLPHINDB INFO] \" + concat(exec * from loadEntrustFV(),\"\\n[DOLPHINDB INFO] \");","sqlType":"0","preStatements":[],"postStatements":[],"segmentSeparator":";","displayRows":10},"taskParamList":[],"taskParamMap":null,"flag":"YES","taskPriority":"MEDIUM","userName":null,"projectName":null,"workerGroup":"default","environmentCode":-1,"failRetryTimes":0,"failRetryInterval":1,"timeoutFlag":"CLOSE","timeoutNotifyStrategy":null,"timeout":0,"delayTime":0,"resourceIds":"","createTime":"2023-11-10 08:12:03","updateTime":"2023-11-10 08:13:52","modifyBy":null,"taskGroupId":0,"taskGroupPriority":0,"cpuQuota":-1,"memoryMax":-1,"taskExecuteType":"BATCH","operator":1,"operateTime":"2023-11-10 08:13:52"}],"schedule":null}]