ts_code,trade_date,open,high,low,close,pre_close,change,pct_change,vol,amount
600539.SH,2008.01.02,9.41,10.23,9.41,10.22,9.3,0.92,9.89,168471.10999999998603,167753.532999999995809
000719.SZ,2008.01.02,8.58,8.949999999999999,8.31,8.8,8.609999999999999,0.19,2.21,30999.25,26431.431499999998777
000762.SZ,2008.01.02,25.329999999999998,26.120000000000001,24.510000000000001,25.829999999999998,25.32,0.51,2.01,54970.860000000000582,139245.41260000001057
600379.SH,2008.01.02,11.25,11.48,10.91,11.38,11.189999999999999,0.19,1.7,41985.849999999998544,47171.561999999998079
000567.SZ,2008.01.02,12.33,12.689999999999999,12.259999999999999,12.4,12.289999999999999,0.11,0.9,36811.510000000002037,45935.0083999999988
000762.SZ,2008.01.03,25.739999999999998,26.859999999999999,25.199999999999999,26.530000000000001,25.829999999999998,0.7,2.71,56715.430000000000291,148779.692000000010011
600539.SH,2008.01.03,10.21,10.699999999999999,10,10.31,10.22,0.09,0.88,140522.149999999994179,145379.880999999993946
000719.SZ,2008.01.03,8.689999999999999,9.24,8.57,9.15,8.8,0.35,3.98,28772.580000000001746,25707.797699999999167
000567.SZ,2008.01.03,12.449999999999999,13.119999999999999,12.259999999999999,13.099999999999999,12.4,0.7,5.650000000000001,45264.370000000002619,57936.259700000002339
600379.SH,2008.01.03,11.369999999999999,12.259999999999999,11.179999999999999,12.099999999999999,11.38,0.72,6.33,65472.139999999999417,76334.410000000003492
000762.SZ,2008.01.04,26.66,27.829999999999998,26.059999999999998,26.699999999999999,26.530000000000001,0.17,0.64,56251.720000000001164,151824.669099999999161
600379.SH,2008.01.04,12.089999999999999,12.24,11.71,11.89,12.099999999999999,-0.21,-1.74,47902.919999999998253,56968.222000000001571
000567.SZ,2008.01.04,13.109999999999999,13.619999999999999,12.89,12.96,13.099999999999999,-0.14,-1.07,38424.510000000002037,50945.41689999999653
600539.SH,2008.01.04,10.199999999999999,10.449999999999999,9.83,10.21,10.31,-0.1,-0.97,82737.929999999993015,84055.256999999997788
000719.SZ,2008.01.04,9.099999999999999,9.279999999999999,8.859999999999999,8.97,9.15,-0.18,-1.97,20603.549999999999272,18537.631900000000314
600539.SH,2008.01.07,10.109999999999999,10.509999999999999,9.91,10.47,10.21,0.26,2.55,84528.589999999996507,86342.093999999997322
000567.SZ,2008.01.07,12.9,13.32,12.699999999999999,13.029999999999999,12.96,0.07,0.54,29218.229999999999563,38039.119500000000698
000719.SZ,2008.01.07,8.519999999999999,8.519999999999999,8.519999999999999,8.519999999999999,8.97,-0.45,-5.02,10626,9053.352000000000771
600379.SH,2008.01.07,11.789999999999999,12.3,11.619999999999999,12.13,11.89,0.24,2.02,49703.779999999998835,59460.315999999998894
000762.SZ,2008.01.07,26.399999999999998,26.969999999999998,26,26.39,26.699999999999999,-0.31,-1.16,47968.239999999997962,126842.625199999994947
000567.SZ,2008.01.08,13.05,13.22,12.009999999999999,12.25,13.029999999999999,-0.78,-5.990000000000001,40497.029999999998835,51151.474199999996926
600379.SH,2008.01.08,12.14,12.24,11.099999999999999,11.349999999999999,12.13,-0.78,-6.43,48838.510000000002037,57349.27100000000064
000719.SZ,2008.01.08,8.089999999999999,8.949999999999999,8.089999999999999,8.949999999999999,8.519999999999999,0.43,5.05,90587.509999999994761,77261.511100000003352
000762.SZ,2008.01.08,26.5,26.699999999999999,25.5,25.8,26.39,-0.59,-2.24,60014.709999999999126,157771.882600000011734
600539.SH,2008.01.08,10.39,10.49,9.599999999999999,9.81,10.47,-0.66,-6.3,89343.899999999994179,89340.179999999993015
000762.SZ,2008.01.09,25.66,26.8,25.510000000000001,26.670000000000001,25.8,0.87,3.37,58515.970000000001164,153422.87280000001192
600379.SH,2008.01.09,11.119999999999999,11.65,11.109999999999999,11.56,11.349999999999999,0.21,1.85,32788.180000000000291,37487.999000000003434
000719.SZ,2008.01.09,8.71,9.4,8.599999999999999,9.189999999999999,8.949999999999999,0.24,2.68,77173.869999999995343,70719.33849999999802
000567.SZ,2008.01.09,12.24,13.48,12.21,13.48,12.25,1.23,10.039999999999999,45230.540000000000873,58027.090199999998731
600539.SH,2008.01.09,9.689999999999999,10.179999999999999,9.599999999999999,10.039999999999999,9.81,0.23,2.34,52754.400000000001455,52250.290999999997438
600539.SH,2008.01.10,10.099999999999999,10.199999999999999,9.849999999999999,9.91,10.039999999999999,-0.13,-1.29,53506.080000000001746,53621.483000000000174
000567.SZ,2008.01.10,13.699999999999999,14.83,13.699999999999999,14.429999999999999,13.48,0.95,7.05,111208.110000000000582,160715.731900000013411
000719.SZ,2008.01.10,9.15,9.3,8.74,8.849999999999999,9.189999999999999,-0.34,-3.7,39395.05000000000291,35493.634400000002642
600379.SH,2008.01.10,11.529999999999999,11.56,11.279999999999999,11.31,11.56,-0.25,-2.16,40472.30000000000291,46105.192000000002735
000762.SZ,2008.01.10,26.690000000000001,27.679999999999999,26.690000000000001,26.969999999999998,26.670000000000001,0.3,1.12,66012,180354.709600000001955
600379.SH,2008.01.11,11.32,11.519999999999999,11,11.199999999999999,11.31,-0.11,-0.97,28262.68999999999869,31560.630000000001018
000567.SZ,2008.01.11,14.48,14.88,14.179999999999999,14.779999999999999,14.429999999999999,0.35,2.43,57843.180000000000291,84286.449399999997694
000762.SZ,2008.01.11,26.969999999999998,27.199999999999999,26.149999999999998,26.510000000000001,26.969999999999998,-0.46,-1.71,41878.220000000001164,110717.580499999996391
600539.SH,2008.01.11,9.949999999999999,10,9.509999999999999,9.74,9.91,-0.17,-1.72,48979.62999999999738,47443.341000000000349
000719.SZ,2008.01.11,8.81,9.289999999999999,8.55,9.289999999999999,8.849999999999999,0.44,4.97,26751.479999999999563,24531.481400000000576
000762.SZ,2008.01.14,26.41,26.5,25.600000000000001,26.089999999999999,26.510000000000001,-0.42,-1.58,35935.440000000002328,93628.350600000005215
000719.SZ,2008.01.14,9.75,9.75,9.75,9.75,9.289999999999999,0.46,4.950000000000001,11155.549999999999272,10876.661299999999755
600379.SH,2008.01.14,11.3,12.05,11.14,11.9,11.199999999999999,0.7,6.25,54908.339999999996507,64174.589999999996507
000567.SZ,2008.01.14,14.8,14.949999999999999,14.279999999999999,14.39,14.779999999999999,-0.39,-2.64,46273.309999999997671,67227.729900000005727
600539.SH,2008.01.14,9.55,9.949999999999999,9.5,9.71,9.74,-0.03,-0.31,47825.889999999999417,46462.552999999999883
000719.SZ,2008.01.15,10.24,10.24,9.259999999999999,9.99,9.75,0.24,2.46,85083.149999999994179,84981.804000000003725
600539.SH,2008.01.15,9.73,10.15,9.72,10.009999999999999,9.71,0.3,3.09,56379.589999999996507,56063.52900000000227
000567.SZ,2008.01.15,14.3,14.5,14.009999999999999,14.06,14.39,-0.33,-2.29,31494.810000000001309,44885.228600000002188
000762.SZ,2008.01.15,26.100000000000001,26.899999999999998,25.809999999999998,26.8,26.089999999999999,0.71,2.72,38295.830000000001746,100949.704400000002351
600379.SH,2008.01.15,11.9,12.23,11.699999999999999,11.99,11.9,0.09,0.76,57189,68673.392000000007101
000567.SZ,2008.01.16,14.099999999999999,14.48,13.88,14.179999999999999,14.06,0.12,0.85,33387.62999999999738,47433.282800000000861
000762.SZ,2008.01.16,26.879999999999999,26.879999999999999,25.510000000000001,25.629999999999999,26.8,-1.17,-4.370000000000001,37847.370000000002619,98474.247900000002118
000719.SZ,2008.01.16,9.8,10.47,9.65,10.3,9.99,0.31,3.1,37999.069999999999708,38113.125099999997473
600539.SH,2008.01.16,10,10,9.71,9.73,10.009999999999999,-0.28,-2.8,36073.180000000000291,35508.699999999997089
600379.SH,2008.01.16,12.06,12.21,11.8,12.019999999999999,11.99,0.03,0.25,49060.480000000003201,58921.370999999999185
000762.SZ,2008.01.17,25.3,25.8,23.3,24.05,25.629999999999999,-1.58,-6.160000000000001,51949.989999999997962,127073.787100000001373
000719.SZ,2008.01.17,10.259999999999999,10.699999999999999,9.8,9.98,10.3,-0.32,-3.11,31922.549999999999272,32359.754499999999097
000567.SZ,2008.01.17,14.089999999999999,14.3,12.81,13.349999999999999,14.179999999999999,-0.83,-5.85,32831.30000000000291,44658.784399999996821
600379.SH,2008.01.17,11.81,12.189999999999999,10.82,11.39,12.019999999999999,-0.63,-5.240000000000001,35784.669999999998253,41363.597000000001571
600539.SH,2008.01.17,9.679999999999999,10.019999999999999,9.279999999999999,9.75,9.73,0.02,0.21,49598.360000000000582,48214.000999999996565
600379.SH,2008.01.18,11.4,11.55,11.099999999999999,11.429999999999999,11.39,0.04,0.35,17886.840000000000145,20365.208999999998923
000762.SZ,2008.01.18,23.87,24.469999999999998,23.5,24.359999999999999,24.05,0.31,1.29,26861.810000000001309,64517.853100000000267
600539.SH,2008.01.18,9.699999999999999,10.13,9.669999999999999,10.08,9.75,0.33,3.38,64505.769999999996798,64523.169000000001688
000567.SZ,2008.01.18,13.349999999999999,13.73,13.099999999999999,13.429999999999999,13.349999999999999,0.08,0.6,18358.209999999999126,24639.78859999999986
000719.SZ,2008.01.18,9.9,10.25,9.48,9.48,9.98,-0.5,-5.01,33742.720000000001164,32790.582399999999324
600539.SH,2008.01.21,10.169999999999999,10.349999999999999,9.4,9.419999999999999,10.08,-0.66,-6.55,51582.120000000002619,51426.544000000001688
000719.SZ,2008.01.21,9.009999999999999,9.929999999999999,9.009999999999999,9.269999999999999,9.48,-0.21,-2.22,67771.679999999993015,64833.852200000001175
600379.SH,2008.01.21,11.5,11.599999999999999,10.46,10.48,11.429999999999999,-0.95,-8.31,30788.209999999999126,33862.830000000001746
000567.SZ,2008.01.21,13.289999999999999,13.41,12.119999999999999,12.33,13.429999999999999,-1.1,-8.189999999999999,24923.959999999999126,32156.22149999999965
000762.SZ,2008.01.21,24.5,24.649999999999998,21.920000000000001,22,24.359999999999999,-2.36,-9.689999999999999,36806.309999999997671,84992.363200000007054
600539.SH,2008.01.22,9.169999999999999,9.169999999999999,8.48,8.48,9.419999999999999,-0.94,-9.98,45400.55000000000291,39276.726999999998952
600379.SH,2008.01.22,10.3,10.3,9.429999999999999,9.429999999999999,10.48,-1.05,-10.019999999999999,25030.709999999999126,24180.389999999999417
000762.SZ,2008.01.22,21.559999999999998,21.559999999999998,19.8,19.8,22,-2.2,-10,43909,89053.805099999997764
000567.SZ,2008.01.22,12.05,12.16,11.099999999999999,11.099999999999999,12.33,-1.23,-9.98,27196.540000000000873,31089.695800000001327
000567.SZ,2008.01.23,10.82,11.679999999999999,10.82,11.519999999999999,11.099999999999999,0.42,3.78,23795.25,26916.801100000000587
600539.SH,2008.01.23,8.199999999999999,8.9,8.019999999999999,8.859999999999999,8.48,0.38,4.480000000000001,47856.949999999997089,40701.372000000003026
000762.SZ,2008.01.23,19.789999999999999,20.87,18.8,20.359999999999999,19.8,0.56,2.83,50982.900000000001455,102718.977299999998649
600539.SH,2008.01.24,8.849999999999999,9.179999999999999,8.55,8.849999999999999,8.859999999999999,-0.01,-0.11,49055.569999999999708,43893.205999999998311
600379.SH,2008.01.24,9.97,10.369999999999999,9.75,10.369999999999999,9.429999999999999,0.94,9.97,40842.410000000003492,41383.644000000000232
000567.SZ,2008.01.24,11.58,12.619999999999999,11.179999999999999,12.3,11.519999999999999,0.78,6.77,30358.779999999998835,35850.51640000000043
000762.SZ,2008.01.24,20.649999999999998,20.96,20,20.5,20.359999999999999,0.14,0.69,45259.519999999996798,92421.262100000007194
000762.SZ,2008.01.25,20.62,21.39,20.5,21,20.5,0.5,2.44,34458.180000000000291,72444.649099999995087
600539.SH,2008.01.25,8.859999999999999,9.099999999999999,8.779999999999999,8.929999999999999,8.849999999999999,0.08,0.9,36708.230000000003201,32597.059000000001105
000567.SZ,2008.01.25,12.3,12.88,12.039999999999999,12.279999999999999,12.3,-0.02,-0.16,22137.029999999998835,27458.17949999999837
600379.SH,2008.01.25,10.359999999999999,10.619999999999999,10.099999999999999,10.179999999999999,10.369999999999999,-0.19,-1.83,29558.930000000000291,30319.261999999998806
000567.SZ,2008.01.28,12.5,12.5,11.05,11.089999999999999,12.279999999999999,-1.19,-9.689999999999999,24403.040000000000873,27862.033599999998841
000762.SZ,2008.01.28,20.8,20.82,18.899999999999998,18.899999999999998,21,-2.1,-10,36029.80000000000291,70078.970799999995506
600379.SH,2008.01.28,10,10,9.16,9.16,10.179999999999999,-1.02,-10.019999999999999,28161.389999999999417,26324.86699999999837
600539.SH,2008.01.28,8.92,8.92,8.039999999999999,8.039999999999999,8.929999999999999,-0.89,-9.97,34076.790000000000873,28146.859000000000378
000762.SZ,2008.01.29,18.899999999999998,19.5,17.949999999999999,18.649999999999998,18.899999999999998,-0.25,-1.32,23095.080000000001746,43358.768900000002759
600539.SH,2008.01.29,8.039999999999999,8.289999999999999,7.91,8.199999999999999,8.039999999999999,0.16,1.99,23535.840000000000145,19073.932000000000698
000567.SZ,2008.01.29,11,11.5,10.88,11.25,11.089999999999999,0.16,1.44,11600.739999999999781,13025.602399999999761
600379.SH,2008.01.29,9.179999999999999,9.49,8.679999999999999,9.269999999999999,9.16,0.11,1.2,13121.329999999999927,12034.398999999999432
000567.SZ,2008.01.30,11.38,11.75,11.179999999999999,11.38,11.25,0.13,1.16,12562.55999999999949,14401.014600000000427
000762.SZ,2008.01.30,18.8,19.48,18.199999999999999,18.969999999999998,18.649999999999998,0.32,1.72,24852.479999999999563,46947.222000000001571
600539.SH,2008.01.30,8.279999999999999,8.48,8,8.259999999999999,8.199999999999999,0.06,0.73,20581.560000000001309,17030.531999999999243
600379.SH,2008.01.30,10.099999999999999,10.199999999999999,9.5,10.199999999999999,9.269999999999999,0.93,10.029999999999999,58665.559999999997671,59564.572000000000116
600379.SH,2008.01.31,10.199999999999999,10.199999999999999,9.25,9.31,10.199999999999999,-0.89,-8.73,36117.779999999998835,35183.980000000003201
000567.SZ,2008.01.31,11.39,11.47,11,11,11.38,-0.38,-3.34,8643.209999999999126,9663.894000000000232
000762.SZ,2008.01.31,19.170000000000001,19.57,18.579999999999998,18.899999999999998,18.969999999999998,-0.07,-0.37,28933.220000000001164,55447.946700000000419
600539.SH,2008.01.31,8.38,8.46,8.119999999999999,8.119999999999999,8.259999999999999,-0.14,-1.69,19604.700000000000727,16180.347999999999956
000567.SZ,2008.02.01,11,11.3,10.019999999999999,10.23,11,-0.77,-7,11238.260000000000218,11782.782699999999749
600379.SH,2008.02.01,9.179999999999999,9.31,8.39,8.8,9.31,-0.51,-5.480000000000001,21164.909999999999854,18705.805000000000291
600539.SH,2008.02.01,8.089999999999999,8.23,7.31,7.62,8.119999999999999,-0.5,-6.160000000000001,27901.619999999998981,21284.347000000001571
000762.SZ,2008.02.01,18.699999999999999,19.260000000000001,17.059999999999998,17.879999999999999,18.899999999999998,-1.02,-5.400000000000001,22860.150000000001455,41402.891199999998207
000762.SZ,2008.02.04,18.280000000000001,19.670000000000001,18.280000000000001,19.670000000000001,17.879999999999999,1.79,10.009999999999999,27914.680000000000291,53627.896500000002561
600539.SH,2008.02.04,7.83,8.38,7.8,8.369999999999999,7.62,0.75,9.839999999999999,30554.639999999999417,24824.333999999998923
600379.SH,2008.02.04,9.099999999999999,9.679999999999999,9.099999999999999,9.679999999999999,8.8,0.88,10,19250.330000000001746,18119.987000000000989
000567.SZ,2008.02.04,10.58,11.25,10.56,11.25,10.23,1.02,9.97,14498.379999999999199,15986.004899999999906
000762.SZ,2008.02.05,19.699999999999999,20.25,19.100000000000001,19.850000000000001,19.670000000000001,0.18,0.92,24630.799999999999272,48950.704599999997299
000567.SZ,2008.02.05,11.3,11.449999999999999,10.849999999999999,11.199999999999999,11.25,-0.05,-0.44,7779.279999999999745,8725.049399999999877
600539.SH,2008.02.05,8.38,8.589999999999999,8.099999999999999,8.439999999999999,8.369999999999999,0.07,0.84,26849.610000000000582,22569.566999999999097
600379.SH,2008.02.05,9.679999999999999,10.179999999999999,9.449999999999999,10.009999999999999,9.679999999999999,0.33,3.41,39929.470000000001164,39648.584000000002561
000762.SZ,2008.02.13,19.699999999999999,20.199999999999999,19.100000000000001,19.96,19.850000000000001,0.11,0.55,18270.959999999999126,36041.262000000002444
000567.SZ,2008.02.13,11.25,11.429999999999999,10.81,11.259999999999999,11.199999999999999,0.06,0.54,6982.609999999999672,7844.983599999999569
600379.SH,2008.02.13,10.269999999999999,10.97,10.119999999999999,10.47,10.009999999999999,0.46,4.6,63444.029999999998835,66011.214999999996507
600539.SH,2008.02.13,8.3,8.75,8.179999999999999,8.48,8.439999999999999,0.04,0.47,21820.340000000000145,18617.907999999999447
600539.SH,2008.02.14,8.66,8.73,8.49,8.619999999999999,8.48,0.14,1.65,15054.010000000000218,12932.050999999999476
600379.SH,2008.02.14,10.4,10.57,10.169999999999999,10.49,10.47,0.02,0.19,35186.900000000001455,36321.78399999999965
000567.SZ,2008.02.14,11.5,11.599999999999999,11.32,11.599999999999999,11.259999999999999,0.34,3.02,8908.760000000000218,10222.539399999999659
000762.SZ,2008.02.14,19.89,20.3,19.8,20.07,19.96,0.11,0.55,11533.05999999999949,23178.797800000000279
600379.SH,2008.02.15,10.49,10.49,10.15,10.279999999999999,10.49,-0.21,-2,17373.810000000001309,17821.574000000000523
000762.SZ,2008.02.15,19.969999999999998,20.269999999999999,19.339999999999999,19.48,20.07,-0.59,-2.94,20703.040000000000873,40783.40219999999681
600539.SH,2008.02.15,8.5,8.58,8.3,8.48,8.619999999999999,-0.14,-1.62,17529.430000000000291,14762.333000000000538
000567.SZ,2008.02.15,11.73,11.73,11.029999999999999,11.419999999999999,11.599999999999999,-0.18,-1.55,10753.450000000000727,12128.11330000000089
000762.SZ,2008.02.18,20.280000000000001,21.429999999999999,20.280000000000001,21.429999999999999,19.48,1.95,10.009999999999999,24328.18999999999869,51631.279300000001967
600379.SH,2008.02.18,10.4,10.699999999999999,10.339999999999999,10.58,10.279999999999999,0.3,2.92,23526.680000000000291,24771.849999999998544
600539.SH,2008.02.18,8.65,8.8,8.5,8.74,8.48,0.26,3.07,28327.459999999999126,24677.355999999999767
000567.SZ,2008.02.18,11.5,11.689999999999999,11.359999999999999,11.599999999999999,11.419999999999999,0.18,1.58,13179.8700000000008,15231.793499999999767
000762.SZ,2008.02.19,23,23.57,22.55,23.57,21.429999999999999,2.14,9.99,131877.839999999996507,306784.243000000016763
000567.SZ,2008.02.19,11.65,11.99,11.529999999999999,11.9,11.599999999999999,0.3,2.59,14028.780000000000654,16545.744500000000698
600379.SH,2008.02.19,10.589999999999999,10.689999999999999,10.38,10.679999999999999,10.58,0.1,0.95,26260.229999999999563,27685.688999999998486
600539.SH,2008.02.19,8.74,8.92,8.689999999999999,8.839999999999999,8.74,0.1,1.14,22654.580000000001746,20001.889999999999417
000567.SZ,2008.02.20,11.92,11.92,11.46,11.46,11.9,-0.44,-3.7,13558.899999999999636,15796.918400000000474
600539.SH,2008.02.20,8.96,9.029999999999999,8.599999999999999,8.63,8.839999999999999,-0.21,-2.38,23172.099999999998544,20361.628000000000611
600379.SH,2008.02.20,10.699999999999999,11.349999999999999,10.689999999999999,10.869999999999999,10.679999999999999,0.19,1.78,36972.319999999999708,40742.311000000001513
000762.SZ,2008.02.20,24,24.260000000000001,23.100000000000001,23.379999999999998,23.57,-0.19,-0.81,100971.80000000000291,238392.228800000011688
600539.SH,2008.02.21,8.56,9.039999999999999,8.529999999999999,8.96,8.63,0.33,3.82,36246.419999999998253,32065.266999999999825
000762.SZ,2008.02.21,23.199999999999999,23.769999999999999,22.420000000000001,23.3,23.379999999999998,-0.08,-0.34,59055.62999999999738,135986.748499999986961
000567.SZ,2008.02.21,11.46,11.47,11.019999999999999,11.3,11.46,-0.16,-1.4,19875.68999999999869,22368.193299999998998
600379.SH,2008.02.21,10.75,11.14,10.41,10.92,10.869999999999999,0.05,0.46,26427.650000000001455,28681.007000000001426
600379.SH,2008.02.22,11.08,11.279999999999999,10.4,10.55,10.92,-0.37,-3.39,28849.150000000001455,31303.705999999998311
000762.SZ,2008.02.22,23.329999999999998,23.649999999999998,22.399999999999998,22.8,23.3,-0.5,-2.15,46189.519999999996798,106797.975300000005518
000567.SZ,2008.02.22,11.349999999999999,11.349999999999999,10.9,11.21,11.3,-0.09,-0.8,16651.610000000000582,18434.123700000000098
600539.SH,2008.02.22,8.949999999999999,9.349999999999999,8.849999999999999,9.07,8.96,0.11,1.23,73190.75,66739.282000000006519
600539.SH,2008.02.25,9.16,9.189999999999999,8.419999999999999,8.449999999999999,9.07,-0.62,-6.84,43113.400000000001455,37525.241000000001804
000762.SZ,2008.02.25,22.98,23.55,22.55,22.899999999999998,22.8,0.1,0.44,45232.839999999996507,104200.978000000002793
000567.SZ,2008.02.25,11.25,11.25,10.65,10.679999999999999,11.21,-0.53,-4.730000000000001,8767.100000000000363,9572.407999999999447
600379.SH,2008.02.25,10.5,10.939999999999999,10.099999999999999,10.15,10.55,-0.4,-3.79,20471.5,21500.130000000001018
000567.SZ,2008.02.26,10.88,11,10.4,10.929999999999999,10.679999999999999,0.25,2.34,12048.690000000000509,12915.969699999999647
600379.SH,2008.02.26,10.5,10.619999999999999,9.82,10.24,10.15,0.09,0.89,18699.700000000000727,18979.654999999998835
000762.SZ,2008.02.26,23.600000000000001,23.780000000000001,20.8,21.8,22.899999999999998,-1.1,-4.8,48022.05000000000291,106366.148600000000442
600539.SH,2008.02.26,8.63,8.75,8.21,8.48,8.449999999999999,0.03,0.36,24539.93999999999869,20725.772000000000844
000567.SZ,2008.02.27,10.98,11.16,10.669999999999999,11.05,10.929999999999999,0.12,1.1,9162.209999999999126,10112.549199999999473
600379.SH,2008.02.27,10.259999999999999,10.449999999999999,10.25,10.429999999999999,10.24,0.19,1.86,14958.399999999999636,15489.28399999999965
600539.SH,2008.02.27,8.5,8.689999999999999,8.4,8.669999999999999,8.48,0.19,2.24,17729.4900000000016,15254.755999999999403
000762.SZ,2008.02.27,21.8,22.469999999999998,21.010000000000001,22.170000000000001,21.8,0.37,1.7,33793.120000000002619,73974.584499999997206
000567.SZ,2008.02.28,11.23,11.259999999999999,11,11.099999999999999,11.05,0.05,0.45,10719.139999999999417,11933.543900000000576
600379.SH,2008.02.28,10.349999999999999,10.48,10.109999999999999,10.31,10.429999999999999,-0.12,-1.15,15685.020000000000436,16159.218000000000756
600539.SH,2008.02.28,8.71,8.869999999999999,8.58,8.73,8.669999999999999,0.06,0.69,21491.979999999999563,18751.182000000000698
000762.SZ,2008.02.28,22.199999999999999,22.82,22.010000000000001,22.199999999999999,22.170000000000001,0.03,0.14,29068.770000000000436,65462.249300000003131
600539.SH,2008.02.29,8.73,8.92,8.699999999999999,8.8,8.73,0.07,0.8,22424.659999999999854,19796.64600000000064
000762.SZ,2008.02.29,22.5,23.149999999999998,22.010000000000001,22.359999999999999,22.199999999999999,0.16,0.72,29108.2400000000016,65925.857600000003003
000567.SZ,2008.02.29,11,11.359999999999999,11,11.32,11.099999999999999,0.22,1.98,11058.129999999999199,12449.804700000000593
600379.SH,2008.02.29,10.25,10.46,10.15,10.39,10.31,0.08,0.78,12869.450000000000727,13322.436999999999898
000567.SZ,2008.03.03,11.279999999999999,11.96,11.08,11.949999999999999,11.32,0.63,5.570000000000001,28610.819999999999708,33509.434300000000803
000762.SZ,2008.03.03,22.010000000000001,22.879999999999999,21.199999999999999,22.5,22.359999999999999,0.14,0.63,52139,115479.95679999999993
600379.SH,2008.03.03,10.4,10.92,10.3,10.83,10.39,0.44,4.230000000000001,23661.659999999999854,25299.277999999998428
600539.SH,2008.03.03,8.8,9.169999999999999,8.72,9.119999999999999,8.8,0.32,3.64,35051.529999999998835,31645.540000000000873
600379.SH,2008.03.04,10.859999999999999,10.97,10.63,10.88,10.83,0.05,0.46,29169.419999999998253,31559.268000000000029
600539.SH,2008.03.04,9.15,9.289999999999999,9.019999999999999,9.16,9.119999999999999,0.04,0.44,42278.75,38698.800999999999476
000762.SZ,2008.03.04,22.429999999999999,23.41,22.280000000000001,22.699999999999999,22.5,0.2,0.89,67791.399999999994179,156012.686199999996461
000567.SZ,2008.03.04,12,12.339999999999999,11.859999999999999,12.089999999999999,11.949999999999999,0.14,1.17,44484.470000000001164,53696.467199999999138
600379.SH,2008.03.05,10.9,11.279999999999999,10.759999999999999,11.259999999999999,10.88,0.38,3.49,38534.849999999998544,42565.605000000003201
000567.SZ,2008.03.05,12.16,12.869999999999999,12.15,12.869999999999999,12.089999999999999,0.78,6.450000000000001,60838.529999999998835,76234.089900000006309
600539.SH,2008.03.05,9.099999999999999,9.21,8.88,9.199999999999999,9.16,0.04,0.44,32901.889999999999417,29892.062000000001717
000762.SZ,2008.03.05,22.469999999999998,22.850000000000001,21.519999999999999,22.16,22.699999999999999,-0.54,-2.38,33729.230000000003201,74475.922399999995832
000567.SZ,2008.03.06,12.949999999999999,13.089999999999999,12.5,12.609999999999999,12.869999999999999,-0.26,-2.02,35519.860000000000582,45221.89310000000114
600539.SH,2008.03.06,9.25,9.64,9.25,9.289999999999999,9.199999999999999,0.09,0.98,51221.819999999999708,48289.726000000002386
000762.SZ,2008.03.06,22.41,23.179999999999999,21.809999999999998,22.859999999999999,22.16,0.7,3.16,51831.059999999997671,118277.758499999996274
600379.SH,2008.03.06,11.009999999999999,11.339999999999999,10.509999999999999,11.32,11.259999999999999,0.06,0.53,68596.110000000000582,74816.081000000005587
000567.SZ,2008.03.07,12.599999999999999,12.65,12,12.16,12.609999999999999,-0.45,-3.57,13664.709999999999126,16815.940999999998894
600379.SH,2008.03.07,11.22,11.25,10.81,10.869999999999999,11.32,-0.45,-3.98,31708.779999999998835,34949.716000000000349
600539.SH,2008.03.07,9.3,9.439999999999999,9.009999999999999,9.16,9.289999999999999,-0.13,-1.4,31472.619999999998981,29095.746999999999388
000762.SZ,2008.03.07,22.739999999999998,23.48,22.449999999999999,22.55,22.859999999999999,-0.31,-1.36,60502.62999999999738,139015.598300000012386
600379.SH,2008.03.10,10.849999999999999,10.859999999999999,10.199999999999999,10.38,10.869999999999999,-0.49,-4.51,21792.119999999998981,22634.278999999998632
600539.SH,2008.03.10,9.08,9.189999999999999,8.759999999999999,9.009999999999999,9.16,-0.15,-1.64,22653.599999999998544,20368.31499999999869
000762.SZ,2008.03.10,22.3,22.71,21.269999999999999,22.489999999999998,22.55,-0.06,-0.27,36354.180000000000291,80648.79660000000149
000567.SZ,2008.03.10,12.449999999999999,13.13,12.169999999999999,12.529999999999999,12.16,0.37,3.04,32088.110000000000582,40942.650800000003073
600539.SH,2008.03.11,9.009999999999999,9.449999999999999,9,9.449999999999999,9.009999999999999,0.44,4.88,46091.959999999999126,42536.006000000001222
000762.SZ,2008.03.11,22,22.3,21.3,21.91,22.489999999999998,-0.58,-2.58,19427.560000000001309,42329.474000000001979
600379.SH,2008.03.11,10.429999999999999,10.609999999999999,10.16,10.589999999999999,10.38,0.21,2.02,13270.469999999999345,13763.108000000000174
000567.SZ,2008.03.11,12.05,12.58,11.89,12.539999999999999,12.529999999999999,0.01,0.08,13601.979999999999563,16627.811799999999493
000567.SZ,2008.03.12,12.66,12.9,12.06,12.099999999999999,12.539999999999999,-0.44,-3.51,12789.930000000000291,15802.285799999999653
600539.SH,2008.03.12,9.66,9.75,9.08,9.089999999999999,9.449999999999999,-0.36,-3.81,35887.05000000000291,33698.078000000001338
000762.SZ,2008.03.12,22.350000000000001,22.670000000000001,21.05,21.05,21.91,-0.86,-3.93,20768.75,45419.239699999998265
600379.SH,2008.03.12,10.789999999999999,10.88,10.41,10.46,10.589999999999999,-0.13,-1.23,14050.409999999999854,14938.772999999999228
600379.SH,2008.03.13,10.23,10.41,9.56,9.81,10.46,-0.65,-6.21,16100.1200000000008,16126.386000000000422
600539.SH,2008.03.13,8.9,9.169999999999999,8.4,8.71,9.089999999999999,-0.38,-4.18,28057.68999999999869,24878.431000000000494
000762.SZ,2008.03.13,20.789999999999999,20.789999999999999,19.100000000000001,19.649999999999998,21.05,-1.4,-6.650000000000001,30985.299999999999272,61536.612800000002607
000567.SZ,2008.03.13,11.96,11.96,11.119999999999999,11.33,12.099999999999999,-0.77,-6.360000000000001,12506.840000000000145,14423.652799999999842
000567.SZ,2008.03.14,11.33,11.849999999999999,11.3,11.46,11.33,0.13,1.15,7203.789999999999963,8314.496300000000701
600379.SH,2008.03.14,9.789999999999999,10,9.599999999999999,9.82,9.81,0.01,0.1,9268.680000000000291,9041.840000000000145
000762.SZ,2008.03.14,19.649999999999998,19.91,18.809999999999998,19.309999999999998,19.649999999999998,-0.34,-1.73,25202.330000000001746,48461.825700000001233
600539.SH,2008.03.14,8.529999999999999,8.849999999999999,8.48,8.589999999999999,8.71,-0.12,-1.38,14482.409999999999854,12492.036000000000058
000567.SZ,2008.03.17,11.38,11.56,10.509999999999999,10.619999999999999,11.46,-0.84,-7.33,10799.280000000000654,11784.867399999999179
600539.SH,2008.03.17,8.48,8.48,7.730000000000001,7.75,8.589999999999999,-0.84,-9.779999999999999,21937.090000000000145,17737.443999999999505
000762.SZ,2008.03.17,18.5,18.879999999999999,17.379999999999998,17.379999999999998,19.309999999999998,-1.93,-9.99,38348,67971.559299999993527
600379.SH,2008.03.17,9.75,9.89,8.839999999999999,8.839999999999999,9.82,-0.98,-9.98,13122.430000000000291,12056.375
600539.SH,2008.03.18,7.58,7.91,6.980000000000001,7.070000000000001,7.75,-0.68,-8.769999999999999,26510.139999999999417,19295.168000000001484
000567.SZ,2008.03.18,10.599999999999999,10.949999999999999,9.56,9.71,10.619999999999999,-0.91,-8.57,10554.3700000000008,10703.565500000000611
000762.SZ,2008.03.18,16.379999999999998,16.879999999999999,15.64,15.64,17.379999999999998,-1.74,-10.009999999999999,37230.87999999999738,59416.184999999997671
600379.SH,2008.03.18,8.699999999999999,9.119999999999999,7.96,8.039999999999999,8.839999999999999,-0.8,-9.05,14929.420000000000072,12320.093999999999141
600539.SH,2008.03.19,7.200000000000001,7.59,7.13,7.43,7.070000000000001,0.36,5.09,18429.049999999999272,13561.543999999999869
000567.SZ,2008.03.19,10,10.66,9.75,10.31,9.71,0.6,6.18,8238.200000000000727,8379.060400000000299
600379.SH,2008.03.19,8.33,8.689999999999999,8.05,8.63,8.039999999999999,0.59,7.34,18567.810000000001309,15561.27100000000064
000762.SZ,2008.03.19,15.779999999999999,16.75,14.949999999999999,16.449999999999999,15.64,0.81,5.18,38970.269999999996798,62530.265399999996589
600379.SH,2008.03.20,8.49,9.48,8.05,9.33,8.63,0.7,8.109999999999999,26312.270000000000436,23332.123999999999796
000762.SZ,2008.03.20,16.179999999999999,17.059999999999998,15.009999999999999,16.760000000000001,16.449999999999999,0.31,1.88,35358.589999999996507,57038.014400000000023
600539.SH,2008.03.20,7.33,7.900000000000001,7,7.8,7.43,0.37,4.980000000000001,27601.369999999998981,20786.237000000000989
000567.SZ,2008.03.20,10.25,10.83,9.75,10.599999999999999,10.31,0.29,2.81,12045.850000000000363,12382.620199999999385
600539.SH,2008.03.21,7.8,8.16,7.650000000000001,7.85,7.8,0.05,0.64,24781.200000000000727,19697.820999999999912
600379.SH,2008.03.21,9.359999999999999,9.439999999999999,9.099999999999999,9.279999999999999,9.33,-0.05,-0.54,30728.669999999998253,28472.753000000000611
000567.SZ,2008.03.21,10.8,10.96,10.419999999999999,10.699999999999999,10.599999999999999,0.1,0.94,7481.949999999999818,8062.728500000000167
000762.SZ,2008.03.21,16.89,18.329999999999998,16.3,17.600000000000001,16.760000000000001,0.84,5.01,55359.069999999999708,95552.559200000003329
000567.SZ,2008.03.24,10.849999999999999,10.949999999999999,10.4,10.4,10.699999999999999,-0.3,-2.8,8025.159999999999854,8571.392700000000331
600539.SH,2008.03.24,7.91,8.08,7.55,7.610000000000001,7.85,-0.24,-3.06,18302.169999999998253,14411.45600000000013
600379.SH,2008.03.24,9.779999999999999,9.8,8.949999999999999,9.14,9.279999999999999,-0.14,-1.51,12383.690000000000509,11519.715000000000145
000762.SZ,2008.03.24,17.309999999999998,17.850000000000001,16.399999999999998,16.399999999999998,17.600000000000001,-1.2,-6.820000000000001,36856.540000000000873,63663.917699999998148
600539.SH,2008.03.25,7.58,7.900000000000001,7.3,7.88,7.610000000000001,0.27,3.55,13485.05999999999949,10336.334999999999126
600379.SH,2008.03.25,8.98,9.679999999999999,8.699999999999999,9.029999999999999,9.14,-0.11,-1.2,11567.209999999999126,10646.23699999999917
000762.SZ,2008.03.25,16.100000000000001,16.87,15.5,16.55,16.399999999999998,0.15,0.91,19880.759999999998399,32415.511699999999109
000567.SZ,2008.03.25,10.31,10.8,10.06,10.599999999999999,10.4,0.2,1.92,8009.170000000000072,8279.32510000000002
600539.SH,2008.03.26,7.900000000000001,8.05,7.700000000000001,7.8,7.88,-0.08,-1.02,10467.170000000000072,8253.2450000000008
000762.SZ,2008.03.26,16.8,17.379999999999998,16.5,16.66,16.55,0.11,0.66,22773.840000000000145,38586.022299999996903
000567.SZ,2008.03.26,10.599999999999999,10.8,10.57,10.75,10.599999999999999,0.15,1.42,6031.220000000000254,6440.287299999999959
600379.SH,2008.03.26,9.929999999999999,9.929999999999999,9.929999999999999,9.929999999999999,9.029999999999999,0.9,9.97,43987.470000000001164,43679.557999999997264
000567.SZ,2008.03.27,10.5,10.55,10,10.099999999999999,10.75,-0.65,-6.05,7783.680000000000291,7995.309299999999893
600539.SH,2008.03.27,7.71,7.71,7.29,7.31,7.8,-0.49,-6.280000000000001,13332.760000000000218,9979.674000000000887
600379.SH,2008.03.27,9.97,9.97,8.939999999999999,8.939999999999999,9.929999999999999,-0.99,-9.97,51377.209999999999126,47849.957999999998719
000762.SZ,2008.03.28,15.4,17.109999999999999,15.07,16.82,16.66,0.16,0.96,31315.099999999998544,49936.673099999999976
600379.SH,2008.03.28,8.55,9.269999999999999,8.31,9.15,8.939999999999999,0.21,2.35,21052.389999999999417,18300.590000000000145
600539.SH,2008.03.28,7.27,7.54,7.01,7.52,7.31,0.21,2.87,13801.819999999999708,10138.83599999999933
000567.SZ,2008.03.28,10.05,10.3,9.15,10.189999999999999,10.099999999999999,0.09,0.89,12365.680000000000291,12077.133099999999103
000762.SZ,2008.03.31,15.9,16.5,15.519999999999999,15.65,16.82,-1.17,-6.96,16910.099999999998544,26977.531299999998736
600539.SH,2008.03.31,7.400000000000001,7.490000000000001,7.17,7.200000000000001,7.52,-0.32,-4.26,10423.180000000000291,7593.012999999999919
000567.SZ,2008.03.31,9.689999999999999,10.089999999999999,9.58,9.609999999999999,10.189999999999999,-0.58,-5.690000000000001,8832.690000000000509,8596.392499999999927
600379.SH,2008.03.31,8.539999999999999,9.099999999999999,8.529999999999999,9,9.15,-0.15,-1.64,16199.840000000000145,14355.645000000000436
600379.SH,2008.04.01,8.99,9.08,8.119999999999999,8.289999999999999,9,-0.71,-7.89,14590.459999999999126,12362.207000000000334
600539.SH,2008.04.01,7.25,7.34,6.6,6.88,7.200000000000001,-0.32,-4.440000000000001,24763.759999999998399,17123.151999999998224
000567.SZ,2008.04.01,9.5,9.8,8.65,8.65,9.609999999999999,-0.96,-9.99,9094.899999999999636,8171.832500000000436
000762.SZ,2008.04.01,15.699999999999999,16.100000000000001,14.089999999999999,14.089999999999999,15.65,-1.56,-9.97,24716.419999999998253,36557.343300000000453
600379.SH,2008.04.02,8.33,8.48,7.46,7.5,8.289999999999999,-0.79,-9.529999999999999,17214.650000000001455,13335.365999999999985
000567.SZ,2008.04.02,8.66,9,7.79,7.79,8.65,-0.86,-9.939999999999999,12771.360000000000582,10259.206899999999222
000762.SZ,2008.04.02,14.31,14.699999999999999,12.9,13.039999999999999,14.089999999999999,-1.05,-7.450000000000001,25722.2400000000016,35544.605400000000372
600539.SH,2008.04.02,6.900000000000001,7.1,6.51,6.84,6.88,-0.04,-0.58,25731.779999999998835,17620.491000000001804
600379.SH,2008.04.03,7.13,7.63,6.990000000000001,7.29,7.5,-0.21,-2.8,16035.5,11562.704999999999927
000567.SZ,2008.04.03,7.8,7.980000000000001,7.120000000000001,7.77,7.79,-0.02,-0.26,10711.040000000000873,8098.65020000000004
000762.SZ,2008.04.03,12.81,14,12.519999999999999,13.65,13.039999999999999,0.61,4.68,33125.889999999999417,43928.55329999999958
600539.SH,2008.04.03,7.08,7.1,6.83,7.01,6.84,0.17,2.49,20727.340000000000145,14441.924999999999272
600539.SH,2008.04.07,6.96,7.450000000000001,6.780000000000001,7.400000000000001,7.01,0.39,5.56,25256.650000000001455,18263.659999999999854
000567.SZ,2008.04.07,7.89,8.55,7.42,8.419999999999999,7.77,0.65,8.369999999999999,11840.340000000000145,9791.364999999999781
600379.SH,2008.04.07,7.25,7.780000000000001,7.110000000000001,7.67,7.29,0.38,5.21,12342.319999999999708,9320.032999999999447
000762.SZ,2008.04.07,13.15,14.789999999999999,13.15,14.75,13.65,1.1,8.06,34102.30000000000291,48827.438800000003538
000567.SZ,2008.04.08,8.49,8.73,8.279999999999999,8.689999999999999,8.419999999999999,0.27,3.21,9430.209999999999126,8092.934699999999793
000762.SZ,2008.04.08,14.769999999999999,15.5,14.449999999999999,14.9,14.75,0.15,1.02,34707.80000000000291,52558.652999999998428
600539.SH,2008.04.08,7.400000000000001,7.72,7.35,7.55,7.400000000000001,0.15,2.03,34749.199999999997089,26175.258999999998195
600379.SH,2008.04.08,7.68,7.900000000000001,7.55,7.8,7.67,0.13,1.69,14598.049999999999272,11343.173000000000683
000567.SZ,2008.04.09,8.699999999999999,8.88,8.3,8.349999999999999,8.689999999999999,-0.34,-3.91,10800.020000000000436,9274.80329999999958
600379.SH,2008.04.09,7.75,7.87,7.200000000000001,7.200000000000001,7.8,-0.6,-7.690000000000001,14650.090000000000145,11180.742000000000189
600539.SH,2008.04.09,7.52,7.59,6.89,6.900000000000001,7.55,-0.65,-8.609999999999999,22747.340000000000145,16628.01299999999901
000762.SZ,2008.04.09,14.81,15.39,13.8,14.15,14.9,-0.75,-5.030000000000001,25554.819999999999708,37580.781300000002374
600379.SH,2008.04.10,7.160000000000001,7.35,7.06,7.33,7.200000000000001,0.13,1.81,10631.100000000000363,7686.640000000000327
000567.SZ,2008.04.10,8.199999999999999,8.949999999999999,7.91,8.949999999999999,8.349999999999999,0.6,7.190000000000001,13752.290000000000873,11607.128199999999196
000762.SZ,2008.04.10,13.83,14.56,13.8,14.5,14.15,0.35,2.47,17348.139999999999417,24706.736199999999371
600539.SH,2008.04.10,6.76,7.13,6.71,7.070000000000001,6.900000000000001,0.17,2.46,12656.629999999999199,8716.049000000000887
600379.SH,2008.04.11,7.360000000000001,7.650000000000001,7.35,7.51,7.33,0.18,2.46,9190.379999999999199,6896.717999999999847
000567.SZ,2008.04.11,9.199999999999999,9.689999999999999,9.199999999999999,9.259999999999999,8.949999999999999,0.31,3.46,28422.069999999999708,26768.488000000001193
000762.SZ,2008.04.11,14.57,15.21,14.57,14.97,14.5,0.47,3.24,19263.200000000000727,28868.88799999999901
600539.SH,2008.04.11,7.070000000000001,7.400000000000001,7,7.29,7.070000000000001,0.22,3.11,19023.389999999999417,13769.183000000000902
000762.SZ,2008.04.14,14.49,14.789999999999999,13.88,13.939999999999999,14.97,-1.03,-6.88,16832.68999999999869,23933.682400000001507
600379.SH,2008.04.14,7.400000000000001,7.450000000000001,6.76,6.76,7.51,-0.75,-9.99,20960.389999999999417,14486.144000000000232
000567.SZ,2008.04.14,9,9.16,8.33,8.33,9.259999999999999,-0.93,-10.039999999999999,12204.399999999999636,10545.57220000000052
600539.SH,2008.04.14,7.160000000000001,7.160000000000001,6.660000000000001,6.740000000000001,7.29,-0.55,-7.54,14279.319999999999708,9848.627000000000407
600379.SH,2008.04.15,6.570000000000001,6.980000000000001,6.5,6.97,6.76,0.21,3.11,16965.569999999999708,11475.479999999999563
600539.SH,2008.04.15,6.68,6.92,6.610000000000001,6.89,6.740000000000001,0.15,2.23,7158.760000000000218,4826.372999999999592
000762.SZ,2008.04.15,13.9,14.55,13.509999999999999,14.55,13.939999999999999,0.61,4.38,18997.630000000001018,26540.427400000000488
000567.SZ,2008.04.15,8.3,8.49,7.84,8.419999999999999,8.33,0.09,1.08,10094.389999999999417,8187.892200000000229
000762.SZ,2008.04.16,14.609999999999999,14.8,14.14,14.429999999999999,14.55,-0.12,-0.82,15899.1200000000008,23079.391199999998207
600379.SH,2008.04.16,6.89,7.06,6.67,6.730000000000001,6.97,-0.24,-3.44,12222.680000000000291,8358.459999999999126
000567.SZ,2008.04.16,8.3,8.349999999999999,8.009999999999999,8.07,8.419999999999999,-0.35,-4.160000000000001,6108.520000000000436,4973.137999999999919
600539.SH,2008.04.16,6.88,6.89,6.660000000000001,6.660000000000001,6.89,-0.23,-3.34,8064.510000000000218,5449.556999999999788
600539.SH,2008.04.17,6.68,6.75,5.990000000000001,6.06,6.660000000000001,-0.6,-9.009999999999999,18272.509999999998399,11421.288000000000465
000567.SZ,2008.04.17,8.089999999999999,8.189999999999999,7.5,7.58,8.07,-0.49,-6.070000000000001,5960.189999999999599,4676.891499999999723
000762.SZ,2008.04.17,13.199999999999999,13.49,12.31,12.539999999999999,13.029999999999999,-0.49,-3.76,20952.700000000000727,27068.34479999999894
600379.SH,2008.04.17,6.6,6.87,6.39,6.46,6.730000000000001,-0.27,-4.01,9050.399999999999636,5955.738999999999577
000762.SZ,2008.04.18,12.769999999999999,12.769999999999999,11.5,11.58,12.539999999999999,-0.96,-7.660000000000001,19335.9900000000016,23117.102200000001175
600539.SH,2008.04.18,6.05,6.06,5.55,5.59,6.06,-0.47,-7.76,15044.170000000000072,8663.46099999999933
000567.SZ,2008.04.18,7.58,7.62,7.1,7.13,7.58,-0.45,-5.940000000000001,5964.649999999999636,4320.471700000000055
600379.SH,2008.04.18,6.46,6.46,5.91,5.940000000000001,6.46,-0.52,-8.05,10597.430000000000291,6456.893000000000029
600539.SH,2008.04.21,5.88,6,5.400000000000001,5.63,5.59,0.04,0.72,22037.5,12630.468000000000756
600379.SH,2008.04.21,6.400000000000001,6.5,5.780000000000001,5.900000000000001,5.940000000000001,-0.04,-0.67,12313.579999999999927,7548.746000000000094
000567.SZ,2008.04.21,7.610000000000001,7.81,6.96,6.980000000000001,7.13,-0.15,-2.1,8475.340000000000145,6205.312700000000404
000762.SZ,2008.04.21,12.58,12.599999999999999,11.38,11.48,11.58,-0.1,-0.86,25220.75,30102.0708999999988
000567.SZ,2008.04.22,6.88,7,6.280000000000001,6.700000000000001,6.980000000000001,-0.28,-4.01,9317.049999999999272,6113.176499999999577
600539.SH,2008.04.22,5.410000000000001,5.5,5.070000000000001,5.35,5.63,-0.28,-4.97,15532.959999999999126,8190.029000000000451
000762.SZ,2008.04.22,11.199999999999999,11.269999999999999,10.33,10.81,11.48,-0.67,-5.84,28740.569999999999708,30708.616399999998975
600379.SH,2008.04.22,5.87,5.96,5.46,5.87,5.900000000000001,-0.03,-0.51,9491.739999999999781,5333.938000000000101
000762.SZ,2008.04.23,10.689999999999999,11.89,10.5,11.869999999999999,10.81,1.06,9.81,47751.410000000003492,54898.316700000003038
600379.SH,2008.04.23,5.79,6.200000000000001,5.730000000000001,6.17,5.87,0.3,5.110000000000001,15460.069999999999708,9344.313000000000101
600539.SH,2008.04.23,5.31,5.59,5.240000000000001,5.56,5.35,0.21,3.93,24567.759999999998399,13349.98699999999917
000567.SZ,2008.04.23,6.700000000000001,7.05,6.320000000000001,6.990000000000001,6.700000000000001,0.29,4.33,9105.690000000000509,6209.426699999999982
600379.SH,2008.04.24,6.700000000000001,6.79,6.5,6.79,6.17,0.62,10.05,41322.319999999999708,27609.258999999998195
000567.SZ,2008.04.24,7.660000000000001,7.690000000000001,7.35,7.690000000000001,6.990000000000001,0.7,10.009999999999999,28765.889999999999417,21833.298999999999068
600539.SH,2008.04.24,6.09,6.120000000000001,5.820000000000001,6.120000000000001,5.56,0.56,10.07,48646.150000000001455,29298.237000000000989
000762.SZ,2008.04.24,13.039999999999999,13.06,12.599999999999999,13.06,11.869999999999999,1.19,10.029999999999999,84440.899999999994179,109759.457999999998719
600379.SH,2008.04.25,6.740000000000001,7.13,6.52,6.75,6.79,-0.04,-0.59,27521.68999999999869,18895.508000000001629
000567.SZ,2008.04.25,7.68,8.099999999999999,7.5,7.81,7.690000000000001,0.12,1.56,19300.729999999999563,15167.937200000000302
000762.SZ,2008.04.25,13.419999999999999,14.269999999999999,13.099999999999999,13.789999999999999,13.06,0.73,5.59,84714.630000000004656,116872.113899999996647
600539.SH,2008.04.25,6.14,6.34,5.990000000000001,6.08,6.120000000000001,-0.04,-0.65,33185.720000000001164,20489.265999999999621
000762.SZ,2008.04.28,13.4,13.619999999999999,13,13.16,13.789999999999999,-0.63,-4.570000000000001,49595.580000000001746,65982.005999999993946
000567.SZ,2008.04.28,7.79,7.85,7.530000000000001,7.79,7.81,-0.02,-0.26,13680.229999999999563,10515.056899999999586
600539.SH,2008.04.28,5.950000000000001,6.13,5.87,5.980000000000001,6.08,-0.1,-1.64,20158.009999999998399,12067.334999999999126
600379.SH,2008.04.28,6.700000000000001,6.79,6.530000000000001,6.6,6.75,-0.15,-2.22,11496.75,7621.095999999999548
600379.SH,2008.04.29,6.58,6.820000000000001,6.5,6.690000000000001,6.6,0.09,1.36,13133.389999999999417,8798.700000000000727
000567.SZ,2008.04.29,7.780000000000001,7.980000000000001,7.660000000000001,7.93,7.79,0.14,1.8,12586.420000000000072,9851.296500000000378
600539.SH,2008.04.29,5.93,6.09,5.900000000000001,6.08,5.980000000000001,0.1,1.67,15138.200000000000727,9129.612999999999374
000567.SZ,2008.04.30,7.93,8.25,7.8,8.08,7.93,0.15,1.89,23842.819999999999708,19160.163700000000972
000762.SZ,2008.04.30,13.5,13.9,13.3,13.83,13.16,0.67,5.09,58928.839999999996507,80630.168300000004819
600379.SH,2008.04.30,6.6,7.070000000000001,6.6,7.01,6.690000000000001,0.32,4.780000000000001,25558.889999999999417,17503.934000000001105
600539.SH,2008.04.30,6.09,6.280000000000001,6.09,6.26,6.08,0.18,2.96,23170.93999999999869,14359.827999999999519
600379.SH,2008.05.05,7.01,7.360000000000001,6.92,7.26,7.01,0.25,3.57,33735.330000000001746,23904.473000000001775
000567.SZ,2008.05.05,8.109999999999999,8.38,8.029999999999999,8.279999999999999,8.08,0.2,2.48,22530.180000000000291,18339.836599999998725
600539.SH,2008.05.05,6.33,6.51,6.18,6.450000000000001,6.26,0.19,3.04,30547.930000000000291,19425.340000000000145
000762.SZ,2008.05.05,14.08,15.21,14.08,15.21,13.83,1.38,9.98,68059.710000000006402,99123.657600000005913
600379.SH,2008.05.06,7.200000000000001,7.280000000000001,7.030000000000001,7.17,7.26,-0.09,-1.24,26272.130000000001018,18808.059000000001105
000567.SZ,2008.05.06,8.15,8.269999999999999,7.96,8.109999999999999,8.279999999999999,-0.17,-2.05,17037.93999999999869,13858.243899999999484
600539.SH,2008.05.06,6.400000000000001,6.63,6.3,6.6,6.450000000000001,0.15,2.33,36178.989999999997962,23460.513999999999214
000762.SZ,2008.05.06,15.039999999999999,15.589999999999999,14.55,15.009999999999999,15.21,-0.2,-1.31,70262.80000000000291,106109.279099999999743
600539.SH,2008.05.07,6.58,6.79,6.3,6.3,6.6,-0.3,-4.55,64272.809999999997671,42552.184999999997671
000567.SZ,2008.05.07,8.05,8.259999999999999,7.650000000000001,7.650000000000001,8.109999999999999,-0.46,-5.67,15518.629999999999199,12403.07890000000043
000762.SZ,2008.05.07,14.949999999999999,15.22,13.98,14,15.009999999999999,-1.01,-6.730000000000001,51686.05000000000291,75792.436900000000605
600379.SH,2008.05.07,7.190000000000001,7.280000000000001,6.900000000000001,6.91,7.17,-0.26,-3.63,24552.759999999998399,17388.466000000000349
000762.SZ,2008.05.08,13.849999999999999,14.699999999999999,13.679999999999999,14.65,14,0.65,4.64,38681.199999999997089,55447.583200000000942
600379.SH,2008.05.08,6.820000000000001,7.46,6.76,7.450000000000001,6.91,0.54,7.81,48902.720000000001164,35543.510999999998603
600539.SH,2008.05.08,6.18,6.42,6.01,6.400000000000001,6.3,0.1,1.59,25403.639999999999417,15712.900999999999839
000762.SZ,2008.05.09,14.71,14.97,13.97,14.349999999999999,14.65,-0.3,-2.05,39435.169999999998253,57422.111199999999371
000567.SZ,2008.05.09,7.88,7.980000000000001,7.21,7.43,7.650000000000001,-0.22,-2.88,16346.80999999999949,12527.040399999999863
600379.SH,2008.05.09,7.530000000000001,7.940000000000001,7.52,7.780000000000001,7.450000000000001,0.33,4.43,95945.669999999998253,74452.593999999997322
600539.SH,2008.05.09,6.400000000000001,6.43,6.09,6.230000000000001,6.400000000000001,-0.17,-2.66,23756.959999999999126,14882.005999999999403
000567.SZ,2008.05.12,7.3,7.650000000000001,7.110000000000001,7.530000000000001,7.43,0.1,1.35,11783.5,8724.961900000000241
600379.SH,2008.05.12,7.530000000000001,7.77,7.3,7.59,7.780000000000001,-0.19,-2.44,35232.029999999998835,26466.789000000000669
000762.SZ,2008.05.12,14.109999999999999,14.689999999999999,13.65,14.419999999999999,14.349999999999999,0.07,0.49,42465.410000000003492,60308.986299999996845
600539.SH,2008.05.12,6.160000000000001,6.320000000000001,5.980000000000001,6.280000000000001,6.230000000000001,0.05,0.8,20724.790000000000873,12780.290000000000873
000762.SZ,2008.05.13,13.91,14.38,13.5,13.81,14.419999999999999,-0.61,-4.230000000000001,51876.809999999997671,71882.997600000002421
600539.SH,2008.05.13,6.79,6.91,6.79,6.91,6.280000000000001,0.63,10.029999999999999,52855.989999999997962,36495.544000000001688
000567.SZ,2008.05.13,7.400000000000001,7.610000000000001,7.150000000000001,7.43,7.530000000000001,-0.1,-1.33,18045.069999999999708,13314.960499999999228
600379.SH,2008.05.13,7.3,7.46,7.18,7.3,7.59,-0.29,-3.82,29284.459999999999126,21439.538000000000465
600379.SH,2008.05.14,7.3,7.56,7.25,7.5,7.3,0.2,2.74,19438.9900000000016,14464.176999999999679
000567.SZ,2008.05.14,7.450000000000001,8.169999999999999,7.33,8.169999999999999,7.43,0.74,9.96,40683.029999999998835,31937.427299999999377
600539.SH,2008.05.14,7.490000000000001,7.6,7.480000000000001,7.6,6.91,0.69,9.99,73872.399999999994179,55816.788999999997031
000762.SZ,2008.05.14,13.82,15.189999999999999,13.82,15.189999999999999,13.81,1.38,9.99,91277.410000000003492,135933.260500000003958
600539.SH,2008.05.15,8.05,8.119999999999999,7.29,7.370000000000001,7.6,-0.23,-3.03,229647.329999999987194,179596.916999999986728
600379.SH,2008.05.15,7.51,7.700000000000001,7.400000000000001,7.46,7.5,-0.04,-0.53,18456.229999999999563,14003.465000000000145
000567.SZ,2008.05.15,8.189999999999999,8.4,7.97,7.990000000000001,8.169999999999999,-0.18,-2.2,49204.330000000001746,40455.807099999998172
000762.SZ,2008.05.15,15.5,15.65,14.65,14.75,15.189999999999999,-0.44,-2.9,94240.869999999995343,143020.272100000001955
000762.SZ,2008.05.16,14.789999999999999,14.98,14.199999999999999,14.699999999999999,14.75,-0.05,-0.34,39929.779999999998835,58087.874900000002526
600539.SH,2008.05.16,7.200000000000001,7.360000000000001,6.860000000000001,7.070000000000001,7.370000000000001,-0.3,-4.070000000000001,69395.85000000000582,49284.165999999997438
600379.SH,2008.05.16,7.450000000000001,7.570000000000001,7.13,7.21,7.46,-0.25,-3.35,16872.779999999998835,12253.824000000000523
000567.SZ,2008.05.16,7.900000000000001,8.22,7.660000000000001,8.119999999999999,7.990000000000001,0.13,1.63,37651.339999999996507,29701.76469999999972
000762.SZ,2008.05.19,14.71,14.789999999999999,14.32,14.519999999999999,14.699999999999999,-0.18,-1.22,28805.630000000001018,41846.364399999998568
000567.SZ,2008.05.19,8.099999999999999,8.46,7.780000000000001,8.359999999999999,8.119999999999999,0.24,2.96,41186.089999999996507,34036.540899999999965
600539.SH,2008.05.19,7.05,7.780000000000001,7.05,7.780000000000001,7.070000000000001,0.71,10.039999999999999,73025.779999999998835,55037.618000000002211
600379.SH,2008.05.19,7.21,7.31,7.070000000000001,7.160000000000001,7.21,-0.05,-0.69,8506.30999999999949,6077.851999999999861
600539.SH,2008.05.20,8.109999999999999,8.55,7.85,8.119999999999999,7.780000000000001,0.34,4.370000000000001,226348.890000000013969,186973.660000000003492
000567.SZ,2008.05.20,8.439999999999999,8.619999999999999,7.900000000000001,8.099999999999999,8.359999999999999,-0.26,-3.11,75070.25,63310.5083999999988
000762.SZ,2008.05.20,14.509999999999999,14.98,13.4,13.8,14.519999999999999,-0.72,-4.96,39752.440000000002328,57062.90219999999681
600379.SH,2008.05.20,7.160000000000001,7.29,6.5,6.58,7.160000000000001,-0.58,-8.099999999999999,14141.829999999999927,9930.781000000000858
600379.SH,2008.05.21,6.55,6.76,6.01,6.64,6.58,0.06,0.91,24100.569999999999708,15255.897000000000844
000567.SZ,2008.05.21,8.13,8.259999999999999,7.360000000000001,8.06,8.099999999999999,-0.04,-0.49,49438.860000000000582,38627.571700000000419
000762.SZ,2008.05.21,13.5,14.3,12.8,14.05,13.8,0.25,1.81,50367.290000000000873,67425.768800000005285
600379.SH,2008.05.22,6.5,6.81,6.400000000000001,6.650000000000001,6.64,0.01,0.15,15927.75,10601.072000000000116
000567.SZ,2008.05.22,7.92,8,7.650000000000001,7.690000000000001,8.06,-0.37,-4.59,27558.540000000000873,21552.411499999998341
600539.SH,2008.05.22,8.4,8.8,8,8.009999999999999,8.119999999999999,-0.11,-1.35,128184.610000000000582,106786.868000000002211
000762.SZ,2008.05.22,13.83,14.07,13.55,13.74,14.05,-0.31,-2.21,39877.55000000000291,55246.27429999999731
000567.SZ,2008.05.23,7.6,7.700000000000001,7.190000000000001,7.46,7.690000000000001,-0.23,-2.99,19754.560000000001309,14655.487900000000081
600539.SH,2008.05.23,7.85,7.88,7.31,7.400000000000001,8.009999999999999,-0.61,-7.62,66491.419999999998253,49877.671999999998661
000762.SZ,2008.05.23,13.65,13.89,13.05,13.789999999999999,13.74,0.05,0.36,39195.180000000000291,53020.422500000000582
600379.SH,2008.05.23,6.6,6.96,6.47,6.71,6.650000000000001,0.06,0.9,22341.229999999999563,15106.040999999999257
600539.SH,2008.05.26,7.17,7.85,7.05,7.39,7.400000000000001,-0.01,-0.14,48321.809999999997671,36207.266999999999825
000567.SZ,2008.05.26,7.39,7.46,7.1,7.150000000000001,7.46,-0.31,-4.160000000000001,13273.670000000000072,9594.45889999999963
600379.SH,2008.05.26,6.6,7.030000000000001,6.450000000000001,6.8,6.71,0.09,1.34,22420.43999999999869,15349.961999999999534
000762.SZ,2008.05.26,13.8,13.939999999999999,13.4,13.699999999999999,13.789999999999999,-0.09,-0.65,38509.260000000002037,52592.984900000003108
000567.SZ,2008.05.27,7.110000000000001,7.320000000000001,7.110000000000001,7.31,7.150000000000001,0.16,2.24,8760.05999999999949,6340.882599999999911
600379.SH,2008.05.27,6.8,7.480000000000001,6.700000000000001,7.480000000000001,6.8,0.68,10,59109.419999999998253,42702.326000000000931
600539.SH,2008.05.27,7.3,7.55,6.93,7.13,7.39,-0.26,-3.52,42882.730000000003201,30734.318999999999505
000762.SZ,2008.05.27,13.8,14.849999999999999,13.689999999999999,14.599999999999999,13.699999999999999,0.9,6.570000000000001,102502.070000000006984,146920.042500000010477
000567.SZ,2008.05.28,7.31,7.46,7.18,7.410000000000001,7.31,0.1,1.37,14888.459999999999126,10923.924899999999979
600539.SH,2008.05.28,7.13,7.3,7.01,7.200000000000001,7.13,0.07,0.98,30448.090000000000145,21784.684000000001105
000762.SZ,2008.05.28,14.64,15.269999999999999,14.599999999999999,14.81,14.599999999999999,0.21,1.44,100846.710000000006402,150996.338799999997718
600379.SH,2008.05.28,7.38,7.480000000000001,7.17,7.410000000000001,7.480000000000001,-0.07,-0.94,48651.650000000001455,35788.394000000000232
000762.SZ,2008.05.29,14.73,15.699999999999999,14.609999999999999,15.31,14.81,0.5,3.38,135059.420000000012805,206892.199699999997392
000567.SZ,2008.05.29,7.31,7.39,7.1,7.120000000000001,7.410000000000001,-0.29,-3.91,12825.709999999999126,9271.389600000000427
600379.SH,2008.05.29,7.35,7.400000000000001,6.990000000000001,7.04,7.410000000000001,-0.37,-4.990000000000001,28727.68999999999869,20642.371999999999388
600539.SH,2008.05.29,7.200000000000001,7.67,7.08,7.240000000000001,7.200000000000001,0.04,0.56,46409.010000000002037,34443.947999999996682
000762.SZ,2008.05.30,15.33,15.759999999999999,14.949999999999999,15.259999999999999,15.31,-0.05,-0.33,92884.889999999999417,142054.219699999986914
000567.SZ,2008.05.30,7.08,7.25,6.8,7.02,7.120000000000001,-0.1,-1.4,10773.959999999999126,7564.825499999999919
600539.SH,2008.05.30,7.200000000000001,7.25,6.8,7.01,7.240000000000001,-0.23,-3.18,38970.449999999997089,27204.281999999999243
600379.SH,2008.05.30,7.02,7.13,6.5,6.75,7.04,-0.29,-4.120000000000001,24421.340000000000145,16485.14600000000064
000567.SZ,2008.06.02,6.96,7.13,6.88,7,7.02,-0.02,-0.28,8990.30999999999949,6298.15899999999965
600539.SH,2008.06.02,6.85,7.230000000000001,6.76,7.120000000000001,7.01,0.11,1.57,34387.589999999996507,23985.924999999999272
000762.SZ,2008.06.02,15.019999999999999,15.99,15.019999999999999,15.939999999999999,15.259999999999999,0.68,4.46,96670.30000000000291,151503.251900000002933
600379.SH,2008.06.02,6.650000000000001,6.860000000000001,6.52,6.81,6.75,0.06,0.89,17590.369999999998981,11718.72400000000016
000762.SZ,2008.06.03,15.949999999999999,16.190000000000001,15.009999999999999,15.189999999999999,15.939999999999999,-0.75,-4.71,86180.75,134572.356800000008661
000719.SZ,2011.12.02,13.99,15,13.5,14.63,9.269999999999999,5.360000000000001,57.82,410841.039999999979045,587234.75
000719.SZ,2011.12.05,14.07,16.089999999999999,14.07,16.089999999999999,14.63,1.46,9.98,317520.159999999974388,494818.573600000003352
000719.SZ,2011.12.06,15.609999999999999,17.489999999999998,15.3,16.649999999999998,16.089999999999999,0.56,3.48,340488.520000000018626,548189.387899999972432
000719.SZ,2011.12.07,16.32,16.670000000000001,15.9,16.039999999999999,16.649999999999998,-0.61,-3.66,229476.309999999997671,373545.868699999991804
000719.SZ,2011.12.08,15.88,17.260000000000001,15.839999999999999,16.32,16.039999999999999,0.28,1.75,285602.059999999997671,472813.206300000019837
000719.SZ,2011.12.09,15.9,16,15,15.3,16.32,-1.02,-6.25,207889.809999999997671,322820.238799999991897
000719.SZ,2011.12.12,15.119999999999999,15.55,15.05,15.23,15.3,-0.07,-0.46,128999.770000000004074,197343.41359999999986
000719.SZ,2011.12.13,15,16.420000000000001,14.519999999999999,16.079999999999998,15.23,0.85,5.58,246271.769999999989522,381377.242900000012014
000719.SZ,2011.12.14,15.599999999999999,16.079999999999998,14.849999999999999,15.089999999999999,16.079999999999998,-0.99,-6.160000000000001,192414.829999999987194,297775.749300000024959
000719.SZ,2011.12.15,14.8,15.289999999999999,14.019999999999999,14.14,15.089999999999999,-0.95,-6.3,157524.75,231051.207900000008521
000719.SZ,2011.12.16,13.82,14.63,13.679999999999999,14.589999999999999,14.14,0.45,3.18,145243.869999999995343,205982.689899999997578
000719.SZ,2011.12.19,14.3,16.05,13.99,16.05,14.589999999999999,1.46,10.009999999999999,241712.239999999990686,366896.498599999991711
000719.SZ,2011.12.20,15.849999999999999,16.559999999999998,15.609999999999999,15.939999999999999,16.05,-0.11,-0.69,258690.85000000000582,415266.219400000001769
000719.SZ,2011.12.21,15.939999999999999,16.449999999999999,15.75,15.789999999999999,15.939999999999999,-0.15,-0.94,156282.559999999997671,250923.242499999993015
000719.SZ,2011.12.22,15.4,16.449999999999999,14.48,16.089999999999999,15.789999999999999,0.3,1.9,174905.790000000008149,270436.191500000015366
000719.SZ,2011.12.23,15.83,17.699999999999999,15.71,16.829999999999998,16.089999999999999,0.74,4.6,282227.030000000027939,477961.884199999971315
000719.SZ,2011.12.26,16.539999999999999,16.859999999999999,16.190000000000001,16.199999999999999,16.829999999999998,-0.63,-3.74,151473.149999999994179,250560.500200000009499
000719.SZ,2011.12.27,15.99,16.129999999999998,14.58,14.58,16.199999999999999,-1.62,-10,165210.420000000012805,254392.011900000012246
000719.SZ,2011.12.28,13.9,14.669999999999999,13.81,14.57,14.58,-0.01,-0.07,142411.679999999993015,202705.574400000012246
000719.SZ,2011.12.29,14.349999999999999,14.599999999999999,13.4,13.4,14.57,-1.17,-8.029999999999999,134847.380000000004656,190322.03159999998752
000719.SZ,2011.12.30,13.5,14.21,13.4,13.47,13.4,0.07,0.52,141964.190000000002328,196289.931299999996554
000719.SZ,2012.01.04,13.5,13.99,12.9,12.9,13.47,-0.57,-4.230000000000001,110447.789999999993597,150031.813200000004144
000719.SZ,2012.01.05,12.58,13.3,11.8,12.5,12.9,-0.4,-3.1,161492.130000000004656,202052.344400000001769
000719.SZ,2012.01.06,12.33,12.689999999999999,12.08,12.49,12.5,-0.01,-0.08,78179.320000000006984,96833.214399999997112
000719.SZ,2012.01.09,12.47,13.23,12.32,13.07,12.49,0.58,4.64,122924.770000000004074,157151.133700000005774
000719.SZ,2012.01.10,12.9,13.599999999999999,12.82,13.439999999999999,13.07,0.37,2.83,182373.029999999998835,242264.701499999995576
000719.SZ,2012.01.11,13.3,14.369999999999999,13.199999999999999,13.57,13.439999999999999,0.13,0.97,177240.85999999998603,244866.573100000008707
000719.SZ,2012.01.12,13.39,13.64,13.06,13.109999999999999,13.57,-0.46,-3.39,122786.029999999998835,163275.17139999999199
000719.SZ,2012.01.13,13.009999999999999,13.25,11.839999999999999,11.839999999999999,13.109999999999999,-1.27,-9.689999999999999,126491.710000000006402,157284.21700000000419
000719.SZ,2012.01.16,11.599999999999999,11.599999999999999,10.91,10.939999999999999,11.839999999999999,-0.9,-7.6,85887.119999999995343,96938.090200000006007
000719.SZ,2012.01.17,10.96,11.619999999999999,10.71,11.48,10.939999999999999,0.54,4.940000000000001,111518.429999999993015,124901.787700000000768
000719.SZ,2012.01.18,11.349999999999999,12.199999999999999,11.3,11.41,11.48,-0.07,-0.61,141995.290000000008149,165168.887799999996786
000719.SZ,2012.01.19,11.189999999999999,11.339999999999999,10.33,10.849999999999999,11.41,-0.56,-4.91,102842.309999999997671,111254.182400000005145
000719.SZ,2012.01.20,10.92,11.46,10.9,11.08,10.849999999999999,0.23,2.12,84511.059999999997671,94591.344599999996717
000719.SZ,2012.01.30,10.949999999999999,11.25,10.91,11.119999999999999,11.08,0.04,0.36,53799.089999999996507,59839.27599999999802
000719.SZ,2012.01.31,11.039999999999999,11.789999999999999,10.609999999999999,11.599999999999999,11.119999999999999,0.48,4.320000000000001,103944.529999999998835,116469.544800000003306
000719.SZ,2012.02.01,11.369999999999999,11.539999999999999,11.019999999999999,11.06,11.599999999999999,-0.54,-4.660000000000001,77680.509999999994761,87718.070099999997182
000719.SZ,2012.02.02,11.099999999999999,11.859999999999999,11.019999999999999,11.71,11.06,0.65,5.88,135516.329999999987194,156153.108299999992595
000719.SZ,2012.02.03,11.519999999999999,12.019999999999999,11.5,11.65,11.71,-0.06,-0.51,127161.880000000004656,149640.277600000001257
000719.SZ,2012.02.06,11.58,11.789999999999999,11.48,11.66,11.65,0.01,0.09,89941.899999999994179,104720.534400000004097
000719.SZ,2012.02.07,11.599999999999999,12.83,11.439999999999999,12.199999999999999,11.66,0.54,4.63,230742.059999999997671,282638.299899999983608
000719.SZ,2012.02.08,12.089999999999999,12.619999999999999,11.929999999999999,12.58,12.199999999999999,0.38,3.11,157003.010000000009313,193093.877000000007683
000719.SZ,2012.02.09,12.5,13.05,12.419999999999999,12.609999999999999,12.58,0.03,0.24,167133.019999999989522,212699.891700000007403
000719.SZ,2012.02.10,12.529999999999999,12.869999999999999,12.41,12.58,12.609999999999999,-0.03,-0.24,101787.929999999993015,128301.928100000004633
000719.SZ,2012.02.13,12.4,13,12.31,12.88,12.58,0.3,2.38,116650.729999999995925,149100.419699999998556
000719.SZ,2012.02.14,12.8,12.98,12.509999999999999,12.81,12.88,-0.07,-0.54,93804.55000000000291,119575.982000000003608
000719.SZ,2012.02.15,12.8,14.089999999999999,12.779999999999999,14.089999999999999,12.81,1.28,9.99,278252.119999999995343,382255.707200000004377
000719.SZ,2012.02.16,14.13,14.55,13.939999999999999,14.339999999999999,14.089999999999999,0.25,1.77,254077.95999999999185,361735.043200000014621
000719.SZ,2012.02.17,14.169999999999999,14.3,13.82,13.97,14.339999999999999,-0.37,-2.58,123602.05000000000291,173015.431400000001303
000719.SZ,2012.02.20,14.089999999999999,14.48,13.949999999999999,14.08,13.97,0.11,0.79,141079.070000000006984,200296.035899999988032
000719.SZ,2012.02.21,13.939999999999999,14.96,13.9,14.589999999999999,14.08,0.51,3.62,199009.040000000008149,289337.214900000020861
000719.SZ,2012.02.22,14.429999999999999,14.92,14.4,14.769999999999999,14.589999999999999,0.18,1.23,157583.470000000001164,230861.096300000004703
000719.SZ,2012.02.23,14.66,14.72,14.13,14.46,14.769999999999999,-0.31,-2.1,128923.119999999995343,186424.05350000000908
000719.SZ,2012.02.24,14.359999999999999,14.98,14.279999999999999,14.49,14.46,0.03,0.21,130931.60000000000582,191853.464299999992363
000719.SZ,2012.02.27,14.419999999999999,14.789999999999999,14.349999999999999,14.439999999999999,14.49,-0.05,-0.35,127203.899999999994179,185409.072099999990314
000719.SZ,2012.02.28,14.359999999999999,14.839999999999999,14.199999999999999,14.72,14.439999999999999,0.28,1.94,150922.309999999997671,220873.770099999994272
000719.SZ,2012.02.29,14.859999999999999,15.269999999999999,14.269999999999999,14.39,14.72,-0.33,-2.24,154289.70999999999185,229982.923100000014528
000719.SZ,2012.03.01,14.15,14.39,13.9,14.23,14.39,-0.16,-1.11,71846.039999999993597,102022.269400000004679
000719.SZ,2012.03.02,14.3,14.9,14.16,14.74,14.23,0.51,3.58,93601.449999999997089,136483.789500000013504
000719.SZ,2012.03.05,14.8,15.039999999999999,14.699999999999999,14.96,14.74,0.22,1.49,100082.460000000006402,148761.554999999993015
000719.SZ,2012.03.06,14.96,15.099999999999999,14.669999999999999,14.679999999999999,14.96,-0.28,-1.87,92382.75,137282.716600000014295
000719.SZ,2012.03.07,14.4,14.91,14.32,14.89,14.679999999999999,0.21,1.43,86809.110000000000582,126851.859200000006239
000719.SZ,2012.03.08,14.99,15.49,14.72,15.22,14.89,0.33,2.22,144271.390000000013969,218289.28169999999227
000719.SZ,2012.03.09,15.33,15.359999999999999,14.97,15.16,15.22,-0.06,-0.39,95435.779999999998835,144563.973700000002281
000719.SZ,2012.03.12,15.039999999999999,15.349999999999999,14.849999999999999,15.06,15.16,-0.1,-0.66,78034.279999999998835,117853.290900000007241
000719.SZ,2012.03.14,15.019999999999999,15.15,13.55,13.56,15.06,-1.5,-9.96,152137.059999999997671,218414.689699999988079
000719.SZ,2012.03.15,13.4,13.56,12.669999999999999,12.75,13.56,-0.81,-5.97,107226.509999999994761,139383.21710000000894
000719.SZ,2012.03.16,12.759999999999999,13.279999999999999,12.55,13.179999999999999,12.75,0.43,3.37,82059.389999999999417,106191.55789999999979
000719.SZ,2012.03.19,13.14,13.25,12.92,13.189999999999999,13.179999999999999,0.01,0.08,58181.959999999999126,76192.361999999993713
000719.SZ,2012.03.20,13.179999999999999,13.179999999999999,12.609999999999999,12.65,13.189999999999999,-0.54,-4.09,50855.680000000000291,65279.022299999996903
000719.SZ,2012.03.21,12.74,12.949999999999999,12.519999999999999,12.859999999999999,12.65,0.21,1.66,51538.330000000001746,65916.815499999996973
000719.SZ,2012.03.22,12.779999999999999,12.81,12.609999999999999,12.679999999999999,12.859999999999999,-0.18,-1.4,31562.810000000001309,40073.604200000001583
000719.SZ,2012.03.23,12.72,13.14,12.619999999999999,12.699999999999999,12.679999999999999,0.02,0.16,73391.369999999995343,94672.043999999994412
000719.SZ,2012.03.26,12.449999999999999,12.449999999999999,12.05,12.22,12.699999999999999,-0.48,-3.78,50503.529999999998835,61744.750800000001618
000719.SZ,2012.03.27,12.3,12.349999999999999,12.13,12.13,12.22,-0.09,-0.74,30724.840000000000145,37558.129500000002735
000719.SZ,2012.03.28,12.06,12.15,11.38,11.48,12.13,-0.65,-5.360000000000001,49847.199999999997089,58503.441200000001117
000719.SZ,2012.03.29,11.199999999999999,11.75,11.199999999999999,11.46,11.48,-0.02,-0.17,48280.870000000002619,55759.61250000000291
000719.SZ,2012.03.30,11.4,11.599999999999999,10.9,11.179999999999999,11.46,-0.28,-2.44,44959.190000000002328,50661.07100000000355
000719.SZ,2012.04.05,11.3,11.82,11.179999999999999,11.71,11.179999999999999,0.53,4.740000000000001,55218.37999999999738,63744.183900000003632
000719.SZ,2012.04.06,11.71,12.25,11.619999999999999,12.14,11.71,0.43,3.67,88566.470000000001164,105497.770900000003166
000719.SZ,2012.04.09,11.98,11.98,11.71,11.759999999999999,12.14,-0.38,-3.13,42727.05000000000291,50759.527900000000954
000719.SZ,2012.04.10,11.83,12.179999999999999,11.679999999999999,12.019999999999999,11.759999999999999,0.26,2.21,63979.440000000002328,76283.294800000003306
000719.SZ,2012.04.11,11.88,12.019999999999999,11.72,11.82,12.019999999999999,-0.2,-1.66,44992.110000000000582,53221.442699999999604
000719.SZ,2012.04.12,11.82,12.099999999999999,11.599999999999999,12.019999999999999,11.82,0.2,1.69,59880.389999999999417,71233.885500000003958
000719.SZ,2012.04.13,12.06,12.269999999999999,11.92,12.08,12.019999999999999,0.06,0.5,63992.440000000002328,77294.324500000002444
000719.SZ,2012.04.16,11.96,12.07,11.779999999999999,11.91,12.08,-0.17,-1.41,44305.839999999996507,52666.895900000003166
